"Date","Seeley","Meloland","CalipatriaMulberry","Westmorland","xWestmorland","xCalipatriaMulberry","xMeloland","xSeeley"
2010-01-01,2.52,2.4,2.34,NA,NA,NA,NA,NA
2010-01-02,2.57,2.52,2.47,NA,NA,NA,NA,NA
2010-01-03,2.67,2.46,2.54,NA,NA,NA,NA,NA
2010-01-04,2.49,2.27,2.25,NA,NA,NA,NA,NA
2010-01-05,2.8,2.59,2.46,NA,NA,NA,NA,NA
2010-01-06,2.33,1.98,2.14,NA,NA,NA,NA,NA
2010-01-07,2.6,2.37,2.32,NA,NA,NA,NA,NA
2010-01-08,2.42,2.09,2.38,NA,NA,NA,NA,NA
2010-01-09,2.32,2.27,2.4,NA,NA,NA,NA,NA
2010-01-10,2.68,2.56,2.42,NA,NA,NA,NA,NA
2010-01-11,2.78,2.69,2.43,NA,NA,NA,NA,NA
2010-01-12,2.76,2.35,2.28,NA,NA,NA,NA,NA
2010-01-13,3.94,3.28,3.25,NA,NA,NA,NA,NA
2010-01-14,4.92,4.4,4.63,NA,NA,NA,NA,NA
2010-01-15,2.83,2.67,2.92,NA,7.04364257843417,6.54746207358157,6.82757360006912,6.60296180902585
2010-01-16,2.64,2.28,2.38,NA,NA,NA,NA,NA
2010-01-17,2.77,2.21,2.18,NA,NA,NA,NA,NA
2010-01-18,1.55,1.58,1.48,NA,NA,NA,NA,NA
2010-01-19,1.17,1.37,1.06,NA,NA,NA,NA,NA
2010-01-20,2.53,2.44,2.21,NA,NA,NA,NA,NA
2010-01-21,0.46,0.77,0.5,NA,NA,NA,NA,NA
2010-01-22,1.45,1.46,1.55,NA,NA,NA,NA,NA
2010-01-23,2.64,2.41,2.38,NA,NA,NA,NA,NA
2010-01-24,2.34,2.24,2.16,NA,NA,NA,NA,NA
2010-01-25,2.35,2.21,2.19,NA,NA,NA,NA,NA
2010-01-26,1.73,1.72,1.86,NA,NA,NA,NA,NA
2010-01-27,2.25,2.24,2.12,NA,NA,NA,NA,NA
2010-01-28,3.19,2.84,2.98,NA,NA,NA,NA,NA
2010-01-29,1.96,1.87,2.04,NA,NA,NA,NA,NA
2010-01-30,2.62,2.46,2.41,NA,NA,NA,NA,NA
2010-01-31,2.63,2.59,2.58,NA,3.61913955497476,3.33710805536454,3.38934887230082,3.43220534314581
2010-02-01,2.57,2.53,1.96,NA,NA,NA,NA,NA
2010-02-02,2.5,2.31,2.36,NA,NA,NA,NA,NA
2010-02-03,3.55,3.44,3.1,NA,NA,NA,NA,NA
2010-02-04,2.96,2.68,2.55,NA,NA,NA,NA,NA
2010-02-05,1.74,1.74,2.09,NA,NA,NA,NA,NA
2010-02-06,0.82,0.78,0.91,NA,NA,NA,NA,NA
2010-02-07,3.94,3.53,3.17,NA,NA,NA,NA,NA
2010-02-08,2.69,2.83,2.65,NA,NA,NA,NA,NA
2010-02-09,2.69,2.9,2.69,NA,NA,NA,NA,NA
2010-02-10,1.6,1.31,1.59,NA,NA,NA,NA,NA
2010-02-11,2.95,2.88,2.73,NA,NA,NA,NA,NA
2010-02-12,2.79,2.7,2.72,NA,NA,NA,NA,NA
2010-02-13,3.27,3.22,3.18,NA,NA,NA,NA,NA
2010-02-14,3.74,3.49,3.37,NA,NA,NA,NA,NA
2010-02-15,3.53,3.41,3.32,NA,NA,NA,NA,NA
2010-02-16,3.53,3.5,3.4,NA,6.85762395634415,6.25562899068527,6.11636260365199,6.50261622843536
2010-02-17,3.52,3.42,3.4,NA,NA,NA,NA,NA
2010-02-18,3.79,3.62,3.38,NA,NA,NA,NA,NA
2010-02-19,4.34,4.14,3.4,NA,NA,NA,NA,NA
2010-02-20,4.32,3.4,3.12,NA,NA,NA,NA,NA
2010-02-21,4.01,3.64,3.76,NA,NA,NA,NA,NA
2010-02-22,4.24,3.98,3.85,NA,NA,NA,NA,NA
2010-02-23,3.68,3.56,3.68,NA,NA,NA,NA,NA
2010-02-24,3.79,3.4,3.21,NA,NA,NA,NA,NA
2010-02-25,4.26,3.81,3.7,NA,NA,NA,NA,NA
2010-02-26,3.53,3.56,3.28,NA,NA,NA,NA,NA
2010-02-27,3.25,2.81,2.28,NA,NA,NA,NA,NA
2010-02-28,4.56,4.14,3.77,NA,NA,NA,NA,NA
2010-03-01,3.58,3.58,3.48,NA,NA,NA,NA,NA
2010-03-02,4.31,3.77,3.45,NA,NA,NA,NA,NA
2010-03-03,5.09,4.2,3.81,NA,NA,NA,NA,NA
2010-03-04,5.38,4.83,4.57,NA,NA,NA,NA,NA
2010-03-05,3.87,3.73,3.52,NA,NA,NA,NA,NA
2010-03-06,4.04,3.84,3.8,NA,NA,NA,NA,NA
2010-03-07,0.5,0.95,0.56,NA,NA,NA,NA,NA
2010-03-08,4.56,3.86,3.35,NA,NA,NA,NA,NA
2010-03-09,5.07,5.05,4.57,NA,NA,NA,NA,NA
2010-03-10,5.31,4.68,4.52,NA,NA,NA,NA,NA
2010-03-11,4.35,4.29,4.24,NA,NA,NA,NA,NA
2010-03-12,4.14,3.97,3.8,NA,NA,NA,NA,NA
2010-03-13,5.87,5.3,5.35,NA,NA,NA,NA,NA
2010-03-14,4.82,4.94,5.03,NA,NA,NA,NA,NA
2010-03-15,5.04,4.86,4.87,NA,NA,NA,NA,NA
2010-03-16,4.86,5.06,4.86,NA,NA,NA,NA,NA
2010-03-17,5.07,5.1,4.83,NA,NA,NA,NA,NA
2010-03-18,5.91,5.58,5.02,NA,NA,NA,NA,NA
2010-03-19,6.66,6.02,6.22,NA,NA,NA,NA,NA
2010-03-20,5.01,5.3,4.92,NA,8.56987857427138,7.52284613363724,7.06103301675596,8.49177451288827
2010-03-21,3.8,3.94,3.66,NA,NA,NA,NA,NA
2010-03-22,5.68,5.25,4.25,NA,NA,NA,NA,NA
2010-03-23,5.05,5.2,4.88,NA,NA,NA,NA,NA
2010-03-24,5.09,4.93,4.6,NA,NA,NA,NA,NA
2010-03-25,6.83,6.39,5.52,NA,NA,NA,NA,NA
2010-03-26,5.76,5.72,5.44,NA,NA,NA,NA,NA
2010-03-27,5.59,6.01,6.34,NA,NA,NA,NA,NA
2010-03-28,5.3,5.55,5.25,NA,NA,NA,NA,NA
2010-03-29,5.65,5.34,4.92,NA,NA,NA,NA,NA
2010-03-30,8.78,7.28,6.77,NA,NA,NA,NA,NA
2010-03-31,6.97,6.63,6,NA,NA,NA,NA,NA
2010-04-01,3.86,3.62,3.8,NA,NA,NA,NA,NA
2010-04-02,4.75,4.75,4.24,NA,NA,NA,NA,NA
2010-04-03,5.79,5.18,4.77,NA,NA,NA,NA,NA
2010-04-04,7.45,6.01,5.88,NA,NA,NA,NA,NA
2010-04-05,5.62,5.91,4.8,NA,NA,NA,NA,NA
2010-04-06,5.64,5.68,5.68,NA,NA,NA,NA,NA
2010-04-07,6.16,6.68,6.7,NA,NA,NA,NA,NA
2010-04-08,6.08,5.8,5.31,NA,NA,NA,NA,NA
2010-04-09,6.71,6.65,5.96,NA,NA,NA,NA,NA
2010-04-10,6.03,5.67,5.14,NA,NA,NA,NA,NA
2010-04-11,6.14,5.79,5.62,NA,NA,NA,NA,NA
2010-04-12,5.4,5.29,5.04,NA,NA,NA,NA,NA
2010-04-13,5.53,5.36,5.07,NA,NA,NA,NA,NA
2010-04-14,5.31,5.28,4.93,NA,NA,NA,NA,NA
2010-04-15,5.2,5.4,5.28,NA,NA,NA,NA,NA
2010-04-16,6.25,6.06,5.63,NA,NA,NA,NA,NA
2010-04-17,5.1,5.13,4.95,NA,NA,NA,NA,NA
2010-04-18,7.2,7.44,6.84,NA,NA,NA,NA,NA
2010-04-19,6.26,6.23,6,NA,NA,NA,NA,NA
2010-04-20,6.78,6.56,NA,NA,NA,NA,NA,NA
2010-04-21,6.02,6.28,NA,NA,NA,NA,NA,NA
2010-04-22,3.95,3.75,NA,NA,NA,NA,NA,NA
2010-04-23,5.79,5.6,5.09,NA,NA,NA,NA,NA
2010-04-24,5.5,5.53,5.21,NA,NA,NA,NA,NA
2010-04-25,5.98,6.1,5.78,NA,NA,NA,NA,NA
2010-04-26,6.54,6.56,6.2,NA,NA,NA,NA,NA
2010-04-27,8.88,8.92,7.91,NA,NA,NA,NA,NA
2010-04-28,7.74,8.02,7.33,NA,NA,NA,NA,NA
2010-04-29,7.3,7.15,7.18,NA,NA,NA,NA,NA
2010-04-30,7.22,7.02,7.13,NA,NA,NA,NA,NA
2010-05-01,8.05,7.41,7.2,NA,NA,NA,NA,NA
2010-05-02,8.14,7.98,7.56,NA,NA,NA,NA,NA
2010-05-03,6.73,6.4,6.24,NA,NA,NA,NA,NA
2010-05-04,7.26,6.75,6.41,NA,NA,NA,NA,NA
2010-05-05,9.73,8.84,7.49,NA,NA,NA,NA,NA
2010-05-06,8.72,7.67,6.62,NA,NA,NA,NA,NA
2010-05-07,7.34,6.86,7.22,NA,12.3105126143674,11.0917814854569,10.4581301376416,11.3075759184614
2010-05-08,9.27,8.28,6.95,NA,NA,NA,NA,NA
2010-05-09,10.75,10.59,8.96,NA,NA,NA,NA,NA
2010-05-10,8.27,7.46,6.65,NA,NA,NA,NA,NA
2010-05-11,8.14,7.67,7.03,NA,NA,NA,NA,NA
2010-05-12,7.04,6.83,6.16,NA,NA,NA,NA,NA
2010-05-13,6.95,6.43,5.99,NA,NA,NA,NA,NA
2010-05-14,6.87,7.06,6.66,NA,NA,NA,NA,NA
2010-05-15,6.91,6.48,6.83,NA,NA,NA,NA,NA
2010-05-16,7.47,7.95,7.33,NA,NA,NA,NA,NA
2010-05-17,7.41,7.15,5.98,NA,NA,NA,NA,NA
2010-05-18,8.32,7.89,7.69,NA,NA,NA,NA,NA
2010-05-19,7.08,6.85,6.39,NA,NA,NA,NA,NA
2010-05-20,8.74,7.48,7.17,NA,NA,NA,NA,NA
2010-05-21,11.32,10.29,8.03,NA,NA,NA,NA,NA
2010-05-22,10.23,9.78,8.46,NA,NA,NA,NA,NA
2010-05-23,7.9,7.61,6.97,NA,NA,NA,NA,NA
2010-05-24,6.36,6.21,5.73,NA,NA,NA,NA,NA
2010-05-25,6.99,6.59,6.11,NA,NA,NA,NA,NA
2010-05-26,9.08,8.18,7.49,NA,NA,NA,NA,NA
2010-05-27,9.67,8.5,8.04,NA,NA,NA,NA,NA
2010-05-28,9.33,8.77,7.92,NA,NA,NA,NA,NA
2010-05-29,7.62,8.06,7.94,NA,NA,NA,NA,NA
2010-05-30,7.14,7.67,7.26,NA,NA,NA,NA,NA
2010-05-31,7.6,8.09,7.5,NA,NA,NA,NA,NA
2010-06-01,8.15,7.09,6.79,NA,NA,NA,NA,NA
2010-06-02,5.99,6.83,6.46,NA,NA,NA,NA,NA
2010-06-03,7.09,7.79,7.38,NA,NA,NA,NA,NA
2010-06-04,7.04,7.73,7.46,NA,NA,NA,NA,NA
2010-06-05,7.26,8.1,7.86,NA,NA,NA,NA,NA
2010-06-06,7.54,8.14,7.66,NA,NA,NA,NA,NA
2010-06-07,9.59,9.11,7.95,NA,NA,NA,NA,NA
2010-06-08,10.4,9.61,8.35,NA,15.038023088616,13.7537286933579,13.1794915537488,14.0418536442683
2010-06-09,8.89,8.71,7.59,NA,NA,NA,NA,NA
2010-06-10,12.29,10.5,8.12,NA,NA,NA,NA,NA
2010-06-11,9.85,9.25,7.68,NA,NA,NA,NA,NA
2010-06-12,7.18,7.22,6.58,NA,NA,NA,NA,NA
2010-06-13,6.79,6.94,6.75,NA,NA,NA,NA,NA
2010-06-14,7.61,8.2,7.25,NA,NA,NA,NA,NA
2010-06-15,9.14,9.16,7.55,NA,NA,NA,NA,NA
2010-06-16,10.87,10.15,8.3,NA,NA,NA,NA,NA
2010-06-17,8.31,7.74,6.79,NA,NA,NA,NA,NA
2010-06-18,11.23,9.86,7.88,NA,NA,NA,NA,NA
2010-06-19,10.73,10.06,7.58,NA,NA,NA,NA,NA
2010-06-20,11.29,9.85,7.45,NA,NA,NA,NA,NA
2010-06-21,11.01,9.99,8.04,NA,NA,NA,NA,NA
2010-06-22,8.9,8.06,6.85,NA,NA,NA,NA,NA
2010-06-23,9.11,7.9,7.2,NA,NA,NA,NA,NA
2010-06-24,10.28,8.32,6.95,NA,15.5925810186233,12.7645921585475,9.53714814575975,14.4095863092916
2010-06-25,12.29,10.57,7.92,NA,NA,NA,NA,NA
2010-06-26,10.61,9.27,7.29,NA,NA,NA,NA,NA
2010-06-27,7.87,7.83,7.38,NA,NA,NA,NA,NA
2010-06-28,8.66,9.1,8.44,NA,NA,NA,NA,NA
2010-06-29,7.55,7.65,7.41,NA,NA,NA,NA,NA
2010-06-30,9.6,8.42,7.68,NA,NA,NA,NA,NA
2010-07-01,11.2,9.27,8.51,NA,NA,NA,NA,NA
2010-07-02,14.85,12.29,8.61,NA,NA,NA,NA,NA
2010-07-03,10.73,10,8.85,NA,NA,NA,NA,NA
2010-07-04,7.74,7.39,7.03,NA,NA,NA,NA,NA
2010-07-05,7.47,8.57,7.81,NA,NA,NA,NA,NA
2010-07-06,7.67,8,7.52,NA,NA,NA,NA,NA
2010-07-07,7.41,7.42,7.51,NA,NA,NA,NA,NA
2010-07-08,7.36,8.16,7.91,NA,NA,NA,NA,NA
2010-07-09,7.25,7.95,7.82,NA,NA,NA,NA,NA
2010-07-10,8.14,8.04,8.31,NA,12.2001813163567,11.6817283725984,12.5864850921073,11.7919894721653
2010-07-11,6.88,7.12,7.24,NA,NA,NA,NA,NA
2010-07-12,7.92,7.68,7.88,NA,NA,NA,NA,NA
2010-07-13,7.9,7.92,7.72,NA,NA,NA,NA,NA
2010-07-14,7.89,8.39,7.8,NA,NA,NA,NA,NA
2010-07-15,6.24,6.68,6.63,NA,NA,NA,NA,NA
2010-07-16,9.52,8.76,8.47,NA,NA,NA,NA,NA
2010-07-17,8.12,8.55,8.53,NA,NA,NA,NA,NA
2010-07-18,7.04,8.11,8.06,NA,NA,NA,NA,NA
2010-07-19,7.61,8.47,8.33,NA,NA,NA,NA,NA
2010-07-20,7.7,8.7,8.55,NA,NA,NA,NA,NA
2010-07-21,7.91,8.58,8.45,NA,NA,NA,NA,NA
2010-07-22,7.16,8.73,8.55,NA,NA,NA,NA,NA
2010-07-23,6.69,7.6,7.68,NA,NA,NA,NA,NA
2010-07-24,7.55,7.58,7.28,NA,NA,NA,NA,NA
2010-07-25,8.13,8.88,8.67,NA,NA,NA,NA,NA
2010-07-26,7.37,8.09,7.4,NA,NA,NA,NA,NA
2010-07-27,6.87,8.18,7.98,NA,NA,NA,NA,NA
2010-07-28,6.84,7.94,7.58,NA,NA,NA,NA,NA
2010-07-29,7.06,7.76,8.03,NA,NA,NA,NA,NA
2010-07-30,7.06,8.52,8.16,NA,NA,NA,NA,NA
2010-07-31,7.36,8.45,8.34,NA,NA,NA,NA,NA
2010-08-01,7.4,6.77,7.14,NA,NA,NA,NA,NA
2010-08-02,2.68,3.8,3.42,NA,NA,NA,NA,NA
2010-08-03,6.91,7.26,7.21,NA,NA,NA,NA,NA
2010-08-04,7.5,7.83,7.87,NA,NA,NA,NA,NA
2010-08-05,8.53,8.19,7.9,NA,NA,NA,NA,NA
2010-08-06,7.91,7.88,7.77,NA,NA,NA,NA,NA
2010-08-07,7.8,8.53,8.32,NA,NA,NA,NA,NA
2010-08-08,7.92,7.44,7.26,NA,NA,NA,NA,NA
2010-08-09,6.8,7.23,7.02,NA,NA,NA,NA,NA
2010-08-10,7.46,7.27,7.29,NA,NA,NA,NA,NA
2010-08-11,9.69,8.15,8.06,NA,14.8002906273659,12.7960269315274,10.8096647805721,13.297268726735
2010-08-12,9.38,7.84,7.33,NA,NA,NA,NA,NA
2010-08-13,8.13,7.68,7.27,NA,NA,NA,NA,NA
2010-08-14,7.55,7.12,6.76,NA,NA,NA,NA,NA
2010-08-15,6.91,7.91,7.46,NA,NA,NA,NA,NA
2010-08-16,7.19,7.9,7.83,NA,NA,NA,NA,NA
2010-08-17,6.2,6.91,7.19,NA,NA,NA,NA,NA
2010-08-18,7.28,7.53,7.17,NA,NA,NA,NA,NA
2010-08-19,9.93,9.62,7.35,NA,NA,NA,NA,NA
2010-08-20,7.63,7.9,7.17,NA,NA,NA,NA,NA
2010-08-21,6.68,7.87,8.05,NA,NA,NA,NA,NA
2010-08-22,3.75,5.97,5.21,NA,NA,NA,NA,NA
2010-08-23,6.32,6.64,6.7,NA,NA,NA,NA,NA
2010-08-24,6.66,7.48,7.03,NA,NA,NA,NA,NA
2010-08-25,6.9,6.15,6.75,NA,NA,NA,NA,NA
2010-08-26,6.16,7.59,7.19,NA,NA,NA,NA,NA
2010-08-27,6.06,6.46,6.27,NA,13.8514022584769,13.4624857349372,14.0405796435765,12.442152877473
2010-08-28,8.65,8.32,8.1,NA,NA,NA,NA,NA
2010-08-29,10.33,10.9,8.05,NA,NA,NA,NA,NA
2010-08-30,7.25,6.95,6.19,NA,NA,NA,NA,NA
2010-08-31,6.06,6.37,6.01,NA,NA,NA,NA,NA
2010-09-01,6.15,6.78,6.32,NA,NA,NA,NA,NA
2010-09-02,6.6,7.58,6.56,NA,NA,NA,NA,NA
2010-09-03,6.74,7.4,6.84,NA,NA,NA,NA,NA
2010-09-04,7.14,8.18,7.9,NA,NA,NA,NA,NA
2010-09-05,7.21,7.25,6.79,NA,NA,NA,NA,NA
2010-09-06,6.3,7.17,7.59,NA,NA,NA,NA,NA
2010-09-07,6.09,8.38,8.52,NA,NA,NA,NA,NA
2010-09-08,6.95,6.47,6.87,NA,NA,NA,NA,NA
2010-09-09,9.22,6.7,6.39,NA,NA,NA,NA,NA
2010-09-10,6.08,6.08,5.91,NA,NA,NA,NA,NA
2010-09-11,5.74,6.17,5.8,NA,NA,NA,NA,NA
2010-09-12,6.41,6.01,5.95,NA,9.59261136601057,9.43105255891101,9.86187920213084,8.84560261401028
2010-09-13,6.83,6.64,6.32,NA,NA,NA,NA,NA
2010-09-14,7.56,6.6,6.38,NA,NA,NA,NA,NA
2010-09-15,9.15,7.8,6.89,NA,NA,NA,NA,NA
2010-09-16,6.64,6.3,6.2,NA,NA,NA,NA,NA
2010-09-17,7.34,6.75,6.29,NA,NA,NA,NA,NA
2010-09-18,6.22,6.51,6.18,NA,NA,NA,NA,NA
2010-09-19,7.36,7.83,6.51,NA,NA,NA,NA,NA
2010-09-20,8.68,7.27,6.91,NA,NA,NA,NA,NA
2010-09-21,6.99,6.5,6.3,NA,NA,NA,NA,NA
2010-09-22,9.21,8.72,6.41,NA,NA,NA,NA,NA
2010-09-23,5.28,5.18,5.57,NA,NA,NA,NA,NA
2010-09-24,5.54,5.96,5.95,NA,NA,NA,NA,NA
2010-09-25,6.37,6.71,6.57,NA,NA,NA,NA,NA
2010-09-26,5.9,6.4,6.19,NA,NA,NA,NA,NA
2010-09-27,5.3,5.88,6.26,NA,NA,NA,NA,NA
2010-09-28,4.85,5.78,5.96,NA,NA,NA,NA,NA
2010-09-29,4.97,4.85,5,NA,NA,NA,NA,NA
2010-09-30,5.8,5.28,5.52,NA,NA,NA,NA,NA
2010-10-01,2.73,1.45,1.44,NA,NA,NA,NA,NA
2010-10-02,1.56,0.78,0.46,NA,NA,NA,NA,NA
2010-10-03,3.88,4.24,4.31,NA,NA,NA,NA,NA
2010-10-04,5.14,4.47,4.74,NA,NA,NA,NA,NA
2010-10-05,6.75,6.22,5.16,NA,NA,NA,NA,NA
2010-10-06,6.13,5.45,4.57,NA,NA,NA,NA,NA
2010-10-07,5.18,4.86,4.43,NA,NA,NA,NA,NA
2010-10-08,4.71,4.66,4.43,NA,NA,NA,NA,NA
2010-10-09,5.01,5.14,4.79,NA,NA,NA,NA,NA
2010-10-10,5.49,5.57,5.26,NA,NA,NA,NA,NA
2010-10-11,4.66,4.6,4.92,NA,NA,NA,NA,NA
2010-10-12,4.49,4.65,4.96,NA,NA,NA,NA,NA
2010-10-13,5.19,5.3,5.44,NA,NA,NA,NA,NA
2010-10-14,4.55,4.5,5.32,NA,7.81696105770706,6.97273013540295,7.10065773110614,6.8213648470243
2010-10-15,3.84,4.34,4.55,NA,NA,NA,NA,NA
2010-10-16,4.48,4.38,4.58,NA,NA,NA,NA,NA
2010-10-17,4.06,4.42,4.36,NA,NA,NA,NA,NA
2010-10-18,3.81,3.54,3.72,NA,NA,NA,NA,NA
2010-10-19,2.04,2.61,2.42,NA,NA,NA,NA,NA
2010-10-20,2.87,2.57,2.82,NA,NA,NA,NA,NA
2010-10-21,3.61,3.5,3.22,NA,NA,NA,NA,NA
2010-10-22,4.42,4.23,3.48,NA,NA,NA,NA,NA
2010-10-23,3.61,3.55,3.11,NA,NA,NA,NA,NA
2010-10-24,3.42,2.67,2.73,NA,NA,NA,NA,NA
2010-10-25,5.26,4.09,4.49,NA,NA,NA,NA,NA
2010-10-26,4.11,3.84,3.15,NA,NA,NA,NA,NA
2010-10-27,4.31,4.83,6.13,NA,NA,NA,NA,NA
2010-10-28,3.95,4.06,3.87,NA,NA,NA,NA,NA
2010-10-29,4.07,3.76,3.76,NA,NA,NA,NA,NA
2010-10-30,5.61,4.65,4.3,NA,10.2228190819879,9.02450989544635,8.11577712921607,9.94554413935578
2010-10-31,3.68,3.57,3.46,NA,NA,NA,NA,NA
2010-11-01,4.34,4.51,3.92,NA,NA,NA,NA,NA
2010-11-02,4.39,4.71,4.66,NA,NA,NA,NA,NA
2010-11-03,3.93,4.23,4.09,NA,NA,NA,NA,NA
2010-11-04,3.67,3.92,3.89,NA,NA,NA,NA,NA
2010-11-05,3.53,3.55,3.45,NA,NA,NA,NA,NA
2010-11-06,3.32,3.16,3.2,NA,NA,NA,NA,NA
2010-11-07,4.39,3.43,3.23,NA,NA,NA,NA,NA
2010-11-08,5.84,4.82,4.29,NA,NA,NA,NA,NA
2010-11-09,3.5,3.31,3.04,NA,NA,NA,NA,NA
2010-11-10,4.12,3.74,3.21,NA,NA,NA,NA,NA
2010-11-11,4.28,4.26,4.85,NA,NA,NA,NA,NA
2010-11-12,3.34,3.66,3.72,NA,NA,NA,NA,NA
2010-11-13,3.72,3.9,3.33,NA,NA,NA,NA,NA
2010-11-14,3.61,4.1,4.49,NA,NA,NA,NA,NA
2010-11-15,3.38,3.46,3.24,NA,8.47727780264152,7.37170980962129,6.61207544576632,7.77015157858919
2010-11-16,3.58,3.34,3.14,NA,NA,NA,NA,NA
2010-11-17,2.74,2.6,2.69,NA,NA,NA,NA,NA
2010-11-18,2.91,2.75,2.7,NA,NA,NA,NA,NA
2010-11-19,2.96,2.59,2.82,NA,NA,NA,NA,NA
2010-11-20,4.29,3.77,2.97,NA,NA,NA,NA,NA
2010-11-21,4.11,4.16,3.87,NA,NA,NA,NA,NA
2010-11-22,4.26,3.2,2.93,NA,NA,NA,NA,NA
2010-11-23,2.69,2.32,2.04,NA,NA,NA,NA,NA
2010-11-24,4.08,3.66,2.93,NA,NA,NA,NA,NA
2010-11-25,3.35,3.22,3.41,NA,NA,NA,NA,NA
2010-11-26,2.83,2.79,2.5,NA,NA,NA,NA,NA
2010-11-27,2.93,2.51,2.48,NA,NA,NA,NA,NA
2010-11-28,4.76,4.07,3.57,NA,NA,NA,NA,NA
2010-11-29,3.69,3.26,3.53,NA,NA,NA,NA,NA
2010-11-30,2.47,2.46,2.48,NA,NA,NA,NA,NA
2010-12-01,2.79,2.75,2.54,NA,5.36007063188632,5.22267790127927,5.56855800130239,4.87038024831308
2010-12-02,2.64,2.39,2.33,NA,NA,NA,NA,NA
2010-12-03,2.1,1.84,1.93,NA,NA,NA,NA,NA
2010-12-04,1.78,1.61,1.5,NA,NA,NA,NA,NA
2010-12-05,2.32,2.14,2.02,NA,NA,NA,NA,NA
2010-12-06,2.18,2.04,1.68,NA,NA,NA,NA,NA
2010-12-07,3.11,2.99,2.61,NA,NA,NA,NA,NA
2010-12-08,2.68,2.34,2.31,NA,NA,NA,NA,NA
2010-12-09,2.33,2.21,2.07,NA,NA,NA,NA,NA
2010-12-10,2.48,2.09,2.06,NA,NA,NA,NA,NA
2010-12-11,2.5,2.47,2.37,NA,NA,NA,NA,NA
2010-12-12,2.71,2.59,2.33,NA,NA,NA,NA,NA
2010-12-13,2.69,2.41,2.29,NA,NA,NA,NA,NA
2010-12-14,2.57,2.5,2.25,NA,NA,NA,NA,NA
2010-12-15,4.46,2.61,2.14,NA,NA,NA,NA,NA
2010-12-16,3.22,1.83,1.55,NA,NA,NA,NA,NA
2010-12-17,NA,1.8,NA,NA,NA,NA,NA,NA
2010-12-18,NA,1.23,NA,NA,NA,NA,NA,NA
2010-12-19,NA,1.54,NA,NA,NA,NA,NA,NA
2010-12-20,NA,0.66,NA,NA,NA,NA,NA,NA
2010-12-21,NA,0.26,NA,NA,NA,NA,NA,NA
2010-12-22,NA,0.85,NA,NA,NA,NA,NA,NA
2010-12-23,NA,2.06,NA,NA,NA,NA,NA,NA
2010-12-24,NA,1.99,NA,NA,NA,NA,NA,NA
2010-12-25,NA,2.08,NA,NA,NA,NA,NA,NA
2010-12-26,NA,1.73,NA,NA,NA,NA,NA,NA
2010-12-27,2.82,2.65,NA,NA,NA,NA,NA,NA
2010-12-28,2.19,2.25,0.09,NA,NA,NA,NA,NA
2010-12-29,2.29,1.1,0.53,NA,NA,NA,NA,NA
2010-12-30,3.58,3.26,2.53,NA,NA,NA,NA,NA
2010-12-31,2.18,2.15,1.99,NA,NA,NA,NA,NA
2011-01-01,1.88,1.91,1.73,NA,NA,NA,NA,NA
2011-01-02,1.87,1.83,1.47,NA,NA,NA,NA,NA
2011-01-03,1.83,1.78,1.48,NA,NA,NA,NA,NA
2011-01-04,2.22,1.98,1.79,NA,NA,NA,NA,NA
2011-01-05,2.16,1.99,1.8,NA,NA,NA,NA,NA
2011-01-06,3.48,2.17,1.97,NA,NA,NA,NA,NA
2011-01-07,3.71,2.31,2.02,NA,NA,NA,NA,NA
2011-01-08,3.8,2.3,1.89,NA,NA,NA,NA,NA
2011-01-09,3.29,2.12,1.8,NA,NA,NA,NA,NA
2011-01-10,2.38,2.54,2.56,NA,NA,NA,NA,NA
2011-01-11,2.37,2.24,2.09,NA,NA,NA,NA,NA
2011-01-12,2.76,2.65,2.29,NA,NA,NA,NA,NA
2011-01-13,2.62,2.45,2.23,NA,NA,NA,NA,NA
2011-01-14,3.84,3.21,2.66,NA,NA,NA,NA,NA
2011-01-15,3.17,3.18,2.64,NA,NA,NA,NA,NA
2011-01-16,2.63,2.38,2.05,NA,NA,NA,NA,NA
2011-01-17,2.81,2.78,2.41,NA,NA,NA,NA,NA
2011-01-18,2.93,2.77,2.46,NA,6.90987873889331,6.18557038851818,5.75168524729179,6.52574570065403
2011-01-19,3.03,2.71,2.45,NA,NA,NA,NA,NA
2011-01-20,4,3.67,4.05,NA,NA,NA,NA,NA
2011-01-21,2.99,2.98,2.54,NA,NA,NA,NA,NA
2011-01-22,2.85,2.69,2.49,NA,NA,NA,NA,NA
2011-01-23,4.38,4.4,4.4,NA,NA,NA,NA,NA
2011-01-24,3.03,2.95,2.73,NA,NA,NA,NA,NA
2011-01-25,2.74,2.54,2.43,NA,NA,NA,NA,NA
2011-01-26,4,3.42,3.65,NA,NA,NA,NA,NA
2011-01-27,3.78,3.31,3.38,NA,NA,NA,NA,NA
2011-01-28,3.19,3,2.58,NA,NA,NA,NA,NA
2011-01-29,3.11,3.17,2.58,NA,NA,NA,NA,NA
2011-01-30,3.53,2.81,2.24,NA,NA,NA,NA,NA
2011-01-31,4.26,3.59,2.96,NA,NA,NA,NA,NA
2011-02-01,3.62,3.82,3.64,NA,NA,NA,NA,NA
2011-02-02,3.06,3.65,3.67,NA,NA,NA,NA,NA
2011-02-03,2.65,2.63,2.57,NA,5.3306608264895,4.89792728393573,4.69202497471513,4.91149023496467
2011-02-04,2.79,2.49,2.39,NA,NA,NA,NA,NA
2011-02-05,2.77,2.48,2.18,NA,NA,NA,NA,NA
2011-02-06,3.77,3.74,3.27,NA,NA,NA,NA,NA
2011-02-07,4.09,3.35,2.96,NA,NA,NA,NA,NA
2011-02-08,5.06,4.37,4.08,NA,NA,NA,NA,NA
2011-02-09,3.92,3.72,3.76,NA,NA,NA,NA,NA
2011-02-10,NA,4.03,4.17,NA,NA,NA,NA,NA
2011-02-11,NA,3.59,3.33,NA,7.93277796724202,7.53447402389072,7.7644897563474,7.61820346214273
2011-02-12,NA,3.77,3.39,NA,NA,NA,NA,NA
2011-02-13,NA,3.21,2.67,NA,NA,NA,NA,NA
2011-02-14,1.79,3.78,3.52,NA,NA,NA,NA,NA
2011-02-15,4.18,4.07,3.37,NA,NA,NA,NA,NA
2011-02-16,2.35,4.55,3.4,NA,NA,NA,NA,NA
2011-02-17,3.87,3.89,3.48,NA,NA,NA,NA,NA
2011-02-18,2.37,2.45,2.19,NA,NA,NA,NA,NA
2011-02-19,2.27,2.08,1.6,NA,NA,NA,NA,NA
2011-02-20,2.89,3.29,2.91,NA,NA,NA,NA,NA
2011-02-21,2.86,2.96,2.7,NA,NA,NA,NA,NA
2011-02-22,3.09,2.96,2.9,NA,NA,NA,NA,NA
2011-02-23,3.39,3.94,3.18,NA,NA,NA,NA,NA
2011-02-24,3.77,3.77,3.29,NA,NA,NA,NA,NA
2011-02-25,2.16,3.09,3.15,NA,NA,NA,NA,NA
2011-02-26,1.8,2.27,1.15,NA,NA,NA,NA,NA
2011-02-27,3.6,3.56,3.18,NA,4.85017252461845,NA,NA,4.77627258490565
2011-02-28,3.39,3.39,3.22,NA,NA,NA,NA,NA
2011-03-01,3.51,3.47,3.17,NA,NA,NA,NA,NA
2011-03-02,3.49,3.35,3.32,NA,NA,NA,NA,NA
2011-03-03,5.56,4.67,4.02,NA,NA,NA,NA,NA
2011-03-04,4.97,4.72,4.47,NA,NA,NA,NA,NA
2011-03-05,4.21,4.25,4,NA,NA,NA,NA,NA
2011-03-06,5.92,5.52,4.24,NA,NA,NA,NA,NA
2011-03-07,5.67,5.66,5.18,NA,10.3907299014281,9.65275326623797,8.65194183695704,10.6168351417667
2011-03-08,5.15,4.95,4.76,NA,NA,NA,NA,NA
2011-03-09,4.48,4.57,4.15,NA,NA,NA,NA,NA
2011-03-10,4.86,4.78,4.21,NA,NA,NA,NA,NA
2011-03-11,5.84,5.06,4.34,NA,NA,NA,NA,NA
2011-03-12,6,5.13,4.32,NA,NA,NA,NA,NA
2011-03-13,4.62,4.52,4.09,NA,NA,NA,NA,NA
2011-03-14,5.09,4.38,3.89,NA,NA,NA,NA,NA
2011-03-15,5.68,4.84,4.19,NA,10.6461393458204,9.2961170577558,8.52035237463104,10.7466054927009
2011-03-16,7.54,5.89,4.83,NA,NA,NA,NA,NA
2011-03-17,6.3,4.87,4.4,NA,NA,NA,NA,NA
2011-03-18,6.44,5.67,4.26,NA,NA,NA,NA,NA
2011-03-19,4.96,4.19,3.58,NA,NA,NA,NA,NA
2011-03-20,3.27,3.34,2.36,NA,NA,NA,NA,NA
2011-03-21,4.95,4.67,4.02,NA,NA,NA,NA,NA
2011-03-22,4.73,4.49,4.16,NA,NA,NA,NA,NA
2011-03-23,5.1,4.76,4.39,NA,NA,NA,NA,NA
2011-03-24,5.39,5.23,4.79,NA,NA,NA,NA,NA
2011-03-25,5.41,5.33,4.59,NA,NA,NA,NA,NA
2011-03-26,5.7,5.57,4.92,NA,NA,NA,NA,NA
2011-03-27,5.22,5,4.33,NA,NA,NA,NA,NA
2011-03-28,4.61,4.67,4.36,NA,NA,NA,NA,NA
2011-03-29,5,5.08,4.85,NA,NA,NA,NA,NA
2011-03-30,6.02,5.71,5.22,NA,NA,NA,NA,NA
2011-03-31,6.23,6.65,6.01,NA,13.8949414538214,13.2616492393743,13.6185213938442,13.3556262003553
2011-04-01,6.75,6.29,5.7,NA,NA,NA,NA,NA
2011-04-02,8.38,7.82,6.09,NA,NA,NA,NA,NA
2011-04-03,7.8,6.78,5.67,NA,NA,NA,NA,NA
2011-04-04,5.53,6.12,6.5,NA,NA,NA,NA,NA
2011-04-05,6.23,5.85,5.03,NA,NA,NA,NA,NA
2011-04-06,5.82,5.28,4.32,NA,NA,NA,NA,NA
2011-04-07,7.42,7.52,5.61,NA,NA,NA,NA,NA
2011-04-08,3.47,3.72,2.65,NA,NA,NA,NA,NA
2011-04-09,5.19,5.09,4.58,NA,NA,NA,NA,NA
2011-04-10,4.95,5.06,4.67,NA,NA,NA,NA,NA
2011-04-11,5.03,4.95,4.86,NA,NA,NA,NA,NA
2011-04-12,7.22,6.8,5.42,NA,NA,NA,NA,NA
2011-04-13,8.51,7.92,6.32,NA,NA,NA,NA,NA
2011-04-14,5.87,5.76,5.3,NA,NA,NA,NA,NA
2011-04-15,6.48,6.54,5.93,NA,NA,NA,NA,NA
2011-04-16,6.43,6.64,6.17,NA,12.8034088396655,11.6611551021764,11.7420931815223,12.1691747281566
2011-04-17,8.49,7.49,6.38,NA,NA,NA,NA,NA
2011-04-18,7.61,6.6,5.78,NA,NA,NA,NA,NA
2011-04-19,6.75,6.05,5.36,NA,NA,NA,NA,NA
2011-04-20,7.35,6.38,5.53,NA,NA,NA,NA,NA
2011-04-21,8.19,7.78,7.19,NA,NA,NA,NA,NA
2011-04-22,8.08,6.85,5.75,NA,NA,NA,NA,NA
2011-04-23,7.97,7.75,6.61,NA,NA,NA,NA,NA
2011-04-24,7.42,7.4,6.69,NA,NA,NA,NA,NA
2011-04-25,7.29,6.23,5.76,NA,NA,NA,NA,NA
2011-04-26,7.06,7.25,6.59,NA,NA,NA,NA,NA
2011-04-27,6.32,6.51,6.08,NA,NA,NA,NA,NA
2011-04-28,8.76,7.81,6.48,NA,NA,NA,NA,NA
2011-04-29,8.88,8.46,7.01,NA,NA,NA,NA,NA
2011-04-30,6.81,7.56,8.34,NA,NA,NA,NA,NA
2011-05-01,7.01,7.39,7.44,NA,NA,NA,NA,NA
2011-05-02,6.76,7.12,7.34,NA,NA,NA,NA,NA
2011-05-03,6.39,6.7,6.49,NA,NA,NA,NA,NA
2011-05-04,6.68,6.91,6.81,NA,NA,NA,NA,NA
2011-05-05,7.36,6.99,6.96,NA,NA,NA,NA,NA
2011-05-06,8.85,7.9,7.47,NA,NA,NA,NA,NA
2011-05-07,10.98,9.84,8.02,NA,NA,NA,NA,NA
2011-05-08,8.51,8.91,7.12,NA,NA,NA,NA,NA
2011-05-09,7.76,7.83,7.5,NA,NA,NA,NA,NA
2011-05-10,7.24,7.18,6.67,NA,11.6250462749608,11.0035845701074,10.4227273290465,11.5914629903796
2011-05-11,6.61,6.22,6.25,NA,NA,NA,NA,NA
2011-05-12,6.74,6.49,6.58,NA,NA,NA,NA,NA
2011-05-13,8.13,7.98,7.38,NA,NA,NA,NA,NA
2011-05-14,10.02,8.78,8.07,NA,NA,NA,NA,NA
2011-05-15,8.55,8.75,8.16,NA,NA,NA,NA,NA
2011-05-16,8.34,7.68,7.36,NA,NA,NA,NA,NA
2011-05-17,7.52,7.59,7.11,NA,NA,NA,NA,NA
2011-05-18,7.01,6.51,5.79,NA,NA,NA,NA,NA
2011-05-19,6.84,6.77,6.37,NA,NA,NA,NA,NA
2011-05-20,6.73,6.29,6.44,NA,NA,NA,NA,NA
2011-05-21,6.97,7.16,6.65,NA,NA,NA,NA,NA
2011-05-22,8.89,8.06,7.8,NA,NA,NA,NA,NA
2011-05-23,9.55,9.41,7.98,NA,NA,NA,NA,NA
2011-05-24,6.88,6.6,6.2,NA,NA,NA,NA,NA
2011-05-25,8.29,7.63,6.79,NA,NA,NA,NA,NA
2011-05-26,11.88,10.79,8.69,NA,15.2334336726203,13.5351551267555,11.3078693231063,15.0453420833344
2011-05-27,9.4,8.35,8.1,NA,NA,NA,NA,NA
2011-05-28,12.2,11.71,9.83,NA,NA,NA,NA,NA
2011-05-29,8.12,8.51,7.96,NA,NA,NA,NA,NA
2011-05-30,6.42,6.66,6.57,NA,NA,NA,NA,NA
2011-05-31,7.7,7.51,6.36,NA,NA,NA,NA,NA
2011-06-01,9.05,8.2,7.3,NA,NA,NA,NA,NA
2011-06-02,8.69,8.68,7.7,NA,NA,NA,NA,NA
2011-06-03,8.25,7.55,7.08,NA,NA,NA,NA,NA
2011-06-04,7.39,7.36,6.88,NA,NA,NA,NA,NA
2011-06-05,8.24,8.11,7.58,NA,NA,NA,NA,NA
2011-06-06,9.13,8.99,8.06,NA,NA,NA,NA,NA
2011-06-07,9.48,8.43,7.34,NA,NA,NA,NA,NA
2011-06-08,8.97,9,7.59,NA,NA,NA,NA,NA
2011-06-09,7.15,7.31,6.83,NA,NA,NA,NA,NA
2011-06-10,8.54,7.89,7.48,NA,NA,NA,NA,NA
2011-06-11,8.76,8.35,7.88,NA,13.1755032534493,11.8101913432688,10.7989274277489,12.1729408367462
2011-06-12,7.9,8.11,7.12,NA,NA,NA,NA,NA
2011-06-13,7.62,7.39,7.12,NA,NA,NA,NA,NA
2011-06-14,7.12,7.53,7.26,NA,NA,NA,NA,NA
2011-06-15,9.41,8.6,8.13,NA,NA,NA,NA,NA
2011-06-16,11.84,10.88,9.7,NA,NA,NA,NA,NA
2011-06-17,10.64,9.55,8.9,NA,NA,NA,NA,NA
2011-06-18,10.51,9.21,8.3,NA,NA,NA,NA,NA
2011-06-19,11.75,11.03,8.14,NA,NA,NA,NA,NA
2011-06-20,7.2,7.72,7.82,NA,NA,NA,NA,NA
2011-06-21,7.77,8.01,8.07,NA,NA,NA,NA,NA
2011-06-22,9.22,9.78,9.15,NA,NA,NA,NA,NA
2011-06-23,10.29,9.78,8.99,NA,NA,NA,NA,NA
2011-06-24,10.58,9.91,9.15,NA,NA,NA,NA,NA
2011-06-25,12.43,9.84,9.24,NA,NA,NA,NA,NA
2011-06-26,10.82,9.2,8.3,NA,NA,NA,NA,NA
2011-06-27,9.94,8.39,8.02,NA,18.7381564092013,16.0931966626979,13.3021295030238,17.5705886496784
2011-06-28,9.7,8.72,8.46,NA,NA,NA,NA,NA
2011-06-29,11.1,10.42,9.76,NA,NA,NA,NA,NA
2011-06-30,8.11,8.4,7.68,NA,NA,NA,NA,NA
2011-07-01,8,8.31,7.87,NA,NA,NA,NA,NA
2011-07-02,8.37,8.44,7.87,NA,NA,NA,NA,NA
2011-07-03,7.48,9.63,8.91,NA,NA,NA,NA,NA
2011-07-04,7.78,7.21,6.57,NA,NA,NA,NA,NA
2011-07-05,7.51,7.85,7.79,NA,NA,NA,NA,NA
2011-07-06,6.92,6.65,6.23,NA,NA,NA,NA,NA
2011-07-07,8.2,7.37,7.45,NA,NA,NA,NA,NA
2011-07-08,9.14,8.66,7.77,NA,NA,NA,NA,NA
2011-07-09,8.68,8.6,8.21,NA,NA,NA,NA,NA
2011-07-10,9.08,7.97,7.92,NA,NA,NA,NA,NA
2011-07-11,9.23,8.04,8.01,NA,NA,NA,NA,NA
2011-07-12,9.95,8.85,8.09,NA,NA,NA,NA,NA
2011-07-13,9.73,8.91,7.97,NA,13.5057614912469,12.0900717927349,9.93150359027288,12.2868086377649
2011-07-14,9.54,8.6,7.82,NA,NA,NA,NA,NA
2011-07-15,8.52,7.79,7.24,NA,NA,NA,NA,NA
2011-07-16,8.46,7.5,7.24,NA,NA,NA,NA,NA
2011-07-17,7.91,7.77,7.28,NA,NA,NA,NA,NA
2011-07-18,7.13,8.4,7.98,NA,NA,NA,NA,NA
2011-07-19,7.67,8.2,7.76,NA,NA,NA,NA,NA
2011-07-20,9.83,8.69,7.77,NA,NA,NA,NA,NA
2011-07-21,9.72,9.06,8.18,NA,15.1126407377951,13.1716066840973,12.2249931814967,13.5682360672897
2011-07-22,8.12,8.83,8.19,NA,NA,NA,NA,NA
2011-07-23,7.07,9.08,8.21,NA,NA,NA,NA,NA
2011-07-24,4.71,5.86,5.58,NA,NA,NA,NA,NA
2011-07-25,7.08,7.6,7.09,NA,NA,NA,NA,NA
2011-07-26,7.94,8.45,8.23,NA,NA,NA,NA,NA
2011-07-27,6.95,8.12,8.03,NA,NA,NA,NA,NA
2011-07-28,6.67,7.05,7.34,NA,NA,NA,NA,NA
2011-07-29,6.11,7.03,8.23,NA,NA,NA,NA,NA
2011-07-30,5.29,6.47,6.43,NA,NA,NA,NA,NA
2011-07-31,5.68,7.49,7.17,NA,NA,NA,NA,NA
2011-08-01,6.16,6.92,7.63,NA,NA,NA,NA,NA
2011-08-02,6.59,7.47,7.39,NA,NA,NA,NA,NA
2011-08-03,10.01,9.62,8.87,NA,NA,NA,NA,NA
2011-08-04,10.24,10.4,8.96,NA,NA,NA,NA,NA
2011-08-05,10.73,9.54,8.1,NA,NA,NA,NA,NA
2011-08-06,8.12,7.72,7.59,NA,15.4128630723535,13.4957315443315,11.5809946247852,14.4547739973392
2011-08-07,7.1,7.47,7.27,NA,NA,NA,NA,NA
2011-08-08,7.31,7.69,7.66,NA,NA,NA,NA,NA
2011-08-09,8.22,7.48,7.63,NA,NA,NA,NA,NA
2011-08-10,7.58,7.44,7.66,NA,NA,NA,NA,NA
2011-08-11,6.77,7.74,7.87,NA,NA,NA,NA,NA
2011-08-12,6.33,7.75,7.56,NA,NA,NA,NA,NA
2011-08-13,6.55,8.25,8.15,NA,NA,NA,NA,NA
2011-08-14,6.8,7.78,7.78,NA,12.9489891066708,12.5292387284801,13.2577985763087,11.2709756271488
2011-08-15,7.46,8.03,8.28,NA,NA,NA,NA,NA
2011-08-16,6.69,7.22,7.46,NA,NA,NA,NA,NA
2011-08-17,6.73,6.57,6.9,NA,NA,NA,NA,NA
2011-08-18,8.11,7.92,7.65,NA,NA,NA,NA,NA
2011-08-19,6.88,6.86,7.17,NA,NA,NA,NA,NA
2011-08-20,7.39,6.95,7.17,NA,NA,NA,NA,NA
2011-08-21,6.8,7.28,6.69,NA,NA,NA,NA,NA
2011-08-22,6.92,7.45,6.82,NA,11.8265284227221,9.71317361811334,9.43074100531626,11.613721077161
2011-08-23,6.89,7.82,7,NA,NA,NA,NA,NA
2011-08-24,7.26,8.07,7.79,NA,NA,NA,NA,NA
2011-08-25,6.82,7.25,7.45,NA,NA,NA,NA,NA
2011-08-26,6.69,7.3,8.04,NA,NA,NA,NA,NA
2011-08-27,6.62,7.14,7.74,NA,NA,NA,NA,NA
2011-08-28,6.25,6.38,7.26,NA,NA,NA,NA,NA
2011-08-29,7.05,7.52,7.91,NA,NA,NA,NA,NA
2011-08-30,9.54,8.52,7.75,NA,14.0173823846832,13.2709839490366,13.3211004540569,12.4489220036284
2011-08-31,10.23,8.9,7.74,NA,NA,NA,NA,NA
2011-09-01,9.37,8.03,6.96,NA,NA,NA,NA,NA
2011-09-02,4.17,4.95,4.76,NA,NA,NA,NA,NA
2011-09-03,6.23,6.59,6.6,NA,NA,NA,NA,NA
2011-09-04,6.78,6.96,7.39,NA,NA,NA,NA,NA
2011-09-05,5.45,6.58,6.04,NA,NA,NA,NA,NA
2011-09-06,5.98,7.24,6.71,NA,NA,NA,NA,NA
2011-09-07,6.63,7.19,6.99,NA,12.220617558854,10.4708683301475,9.33641346109664,12.5404615297895
2011-09-08,8.4,8.4,7.91,NA,NA,NA,NA,NA
2011-09-09,7.19,7.4,7.08,NA,NA,NA,NA,NA
2011-09-10,6.29,7.38,7.76,NA,NA,NA,NA,NA
2011-09-11,6.72,6.66,7.1,NA,NA,NA,NA,NA
2011-09-12,5.02,5.92,6.04,NA,NA,NA,NA,NA
2011-09-13,3.56,4.23,4.23,NA,NA,NA,NA,NA
2011-09-14,4.87,4.85,5.17,NA,NA,NA,NA,NA
2011-09-15,5.43,5.3,5.23,NA,7.92935619041093,7.63072339443879,8.01141674504612,6.99169114908025
2011-09-16,5.79,6.14,6.2,NA,NA,NA,NA,NA
2011-09-17,5.26,5.34,5.63,NA,NA,NA,NA,NA
2011-09-18,5.44,5.64,5.79,NA,NA,NA,NA,NA
2011-09-19,5.56,6.01,6.04,NA,NA,NA,NA,NA
2011-09-20,5.7,6,6.07,NA,NA,NA,NA,NA
2011-09-21,6.03,6,5.89,NA,NA,NA,NA,NA
2011-09-22,5.44,6.08,6.14,NA,NA,NA,NA,NA
2011-09-23,4.82,5.5,5.73,NA,NA,NA,NA,NA
2011-09-24,7.55,7.89,6.74,NA,NA,NA,NA,NA
2011-09-25,6.7,7.01,6.51,NA,NA,NA,NA,NA
2011-09-26,4.88,5.01,5.55,NA,NA,NA,NA,NA
2011-09-27,5.2,5.73,5.87,NA,NA,NA,NA,NA
2011-09-28,5.08,5.89,6.27,NA,NA,NA,NA,NA
2011-09-29,4.92,5.07,5.35,NA,NA,NA,NA,NA
2011-09-30,2.68,5.14,5.53,NA,NA,NA,NA,NA
2011-10-01,4.9,5.9,5.74,NA,8.85382567991989,7.22788671534015,7.71434146186141,8.32134805390048
2011-10-02,3.04,4.82,5.86,NA,NA,NA,NA,NA
2011-10-03,5.16,4.38,5.79,NA,NA,NA,NA,NA
2011-10-04,6.58,0.02,6.71,NA,NA,NA,NA,NA
2011-10-05,5.1,0.9,5.67,NA,NA,NA,NA,NA
2011-10-06,5.88,3.42,6.05,NA,NA,NA,NA,NA
2011-10-07,4.68,3.43,4.81,NA,NA,NA,NA,NA
2011-10-08,4.56,3.52,4.89,NA,NA,NA,NA,NA
2011-10-09,4.28,3.54,4.73,NA,7.29130075164285,6.21092318293372,5.36807889993049,6.5759479799108
2011-10-10,4.42,3.59,4.4,NA,NA,NA,NA,NA
2011-10-11,4.37,3.59,4.58,NA,NA,NA,NA,NA
2011-10-12,4.74,3.8,5.3,NA,NA,NA,NA,NA
2011-10-13,4.57,3.76,4.94,NA,NA,NA,NA,NA
2011-10-14,4.45,3.41,4.49,NA,NA,NA,NA,NA
2011-10-15,4.88,3.61,4.74,NA,NA,NA,NA,NA
2011-10-16,4.72,3.61,4.77,NA,NA,NA,NA,NA
2011-10-17,5.03,3.63,5.54,NA,7.50801834673507,6.06239365360902,6.69154297957912,7.4771566864962
2011-10-18,4.98,3.97,5.11,NA,NA,NA,NA,NA
2011-10-19,4.73,3.53,4.78,NA,NA,NA,NA,NA
2011-10-20,4.55,1.28,4.67,NA,NA,NA,NA,NA
2011-10-21,3.52,2.32,4.13,NA,NA,NA,NA,NA
2011-10-22,4.55,3.12,4.83,NA,NA,NA,NA,NA
2011-10-23,4.08,3.29,4.52,NA,NA,NA,NA,NA
2011-10-24,3.88,2.6,3.38,NA,NA,NA,NA,NA
2011-10-25,5.79,2.78,4.64,NA,NA,NA,NA,NA
2011-10-26,6.15,2.85,5.49,NA,NA,NA,NA,NA
2011-10-27,4.33,2.84,4.42,NA,NA,NA,NA,NA
2011-10-28,3.84,2.82,3.84,NA,NA,NA,NA,NA
2011-10-29,3.74,2.86,3.71,NA,NA,NA,NA,NA
2011-10-30,3.68,2.95,3.84,NA,NA,NA,NA,NA
2011-10-31,3.55,2.96,3.68,NA,NA,NA,NA,NA
2011-11-01,4.03,2.9,4.1,NA,NA,NA,NA,NA
2011-11-02,4.12,2.63,5.27,NA,NA,NA,NA,NA
2011-11-03,2.9,2.4,3.05,NA,NA,NA,NA,NA
2011-11-04,3.37,1.98,3.31,NA,NA,NA,NA,NA
2011-11-05,3.64,2.39,2.84,NA,NA,NA,NA,NA
2011-11-06,3.57,2.27,3.01,NA,NA,NA,NA,NA
2011-11-07,3.33,2.28,2.64,NA,NA,NA,NA,NA
2011-11-08,2.88,2.21,2.75,NA,NA,NA,NA,NA
2011-11-09,3.43,2.35,3.55,NA,NA,NA,NA,NA
2011-11-10,2.67,1.8,2.57,NA,NA,NA,NA,NA
2011-11-11,1.93,1.64,2.1,NA,NA,NA,NA,NA
2011-11-12,2.33,1.73,1.97,NA,NA,NA,NA,NA
2011-11-13,2.53,2.05,2.28,NA,NA,NA,NA,NA
2011-11-14,2.89,2.2,2.52,NA,NA,NA,NA,NA
2011-11-15,2.71,2.2,2.46,NA,NA,NA,NA,NA
2011-11-16,2.64,2.16,2.39,NA,NA,NA,NA,NA
2011-11-17,2.75,2.27,2.69,NA,NA,NA,NA,NA
2011-11-18,3.82,2.1,3.33,NA,NA,NA,NA,NA
2011-11-19,4.2,1.95,3.24,NA,NA,NA,NA,NA
2011-11-20,3.44,2.03,2.59,NA,NA,NA,NA,NA
2011-11-21,2.76,2,2.3,NA,NA,NA,NA,NA
2011-11-22,2.7,2.06,2.35,NA,NA,NA,NA,NA
2011-11-23,2.76,2.1,2.48,NA,NA,NA,NA,NA
2011-11-24,3.44,1.22,1.6,NA,NA,NA,NA,NA
2011-11-25,2.75,2.07,2.41,NA,NA,NA,NA,NA
2011-11-26,3.35,2.14,3.56,NA,7.63164641993092,7.09758795656137,6.80179884394917,7.00068491294728
2011-11-27,2.96,2.1,2.94,NA,NA,NA,NA,NA
2011-11-28,2.67,2.01,2.29,NA,NA,NA,NA,NA
2011-11-29,2.31,1.93,1.78,NA,NA,NA,NA,NA
2011-11-30,3.47,3,2.74,NA,NA,NA,NA,NA
2011-12-01,3.01,3.02,2.51,NA,NA,NA,NA,NA
2011-12-02,2.26,1.74,1.59,NA,NA,NA,NA,NA
2011-12-03,3.42,2.54,2.45,NA,NA,NA,NA,NA
2011-12-04,2.5,2.29,2.23,NA,NA,NA,NA,NA
2011-12-05,3.19,2.96,3.08,NA,NA,NA,NA,NA
2011-12-06,2.36,2.36,2.4,NA,NA,NA,NA,NA
2011-12-07,2.24,2.14,2.15,NA,NA,NA,NA,NA
2011-12-08,2.06,1.88,2,NA,NA,NA,NA,NA
2011-12-09,2.24,2.1,2.04,NA,NA,NA,NA,NA
2011-12-10,2.47,2.3,2.18,NA,NA,NA,NA,NA
2011-12-11,2.34,2.39,2.13,NA,NA,NA,NA,NA
2011-12-12,0.94,0.85,0.78,NA,NA,NA,NA,NA
2011-12-13,0,0.41,0.71,NA,NA,NA,NA,NA
2011-12-14,2.31,1.77,1.66,NA,NA,NA,NA,NA
2011-12-15,2.42,1.94,1.77,NA,NA,NA,NA,NA
2011-12-16,0.9,1.43,0.76,NA,NA,NA,NA,NA
2011-12-17,2.26,1.66,1.32,NA,NA,NA,NA,NA
2011-12-18,2.41,1.88,1.76,NA,NA,NA,NA,NA
2011-12-19,2.27,1.83,1.75,NA,NA,NA,NA,NA
2011-12-20,2.42,1.89,2.22,NA,NA,NA,NA,NA
2011-12-21,2.43,2.04,2.09,NA,NA,NA,NA,NA
2011-12-22,3.17,3.1,3.19,NA,NA,NA,NA,NA
2011-12-23,3.4,3.28,3.24,NA,NA,NA,NA,NA
2011-12-24,2.31,2.3,2.24,NA,NA,NA,NA,NA
2011-12-25,2.31,2.16,2.24,NA,NA,NA,NA,NA
2011-12-26,2.29,2.07,1.99,NA,NA,NA,NA,NA
2011-12-27,2.26,2,2.1,NA,NA,NA,NA,NA
2011-12-28,2.32,2.04,2.06,NA,5.1340767313958,4.55855346151827,4.64369070610908,4.96599757426566
2011-12-29,2.35,2.09,2,NA,NA,NA,NA,NA
2011-12-30,2.46,2.17,2.16,NA,NA,NA,NA,NA
2011-12-31,2.52,2.28,2.34,NA,NA,NA,NA,NA
2012-01-01,2.88,2.6,2.42,NA,NA,NA,NA,NA
2012-01-02,2.68,2.66,2.46,NA,NA,NA,NA,NA
2012-01-03,2.5,2.11,2.21,NA,NA,NA,NA,NA
2012-01-04,2.56,2.39,2.47,NA,NA,NA,NA,NA
2012-01-05,2.55,2.3,2.08,NA,NA,NA,NA,NA
2012-01-06,2.51,2.34,2.26,NA,NA,NA,NA,NA
2012-01-07,2.51,2.11,2.21,NA,NA,NA,NA,NA
2012-01-08,4.09,3.7,3.84,NA,NA,NA,NA,NA
2012-01-09,2.71,2.67,2.56,NA,NA,NA,NA,NA
2012-01-10,2.44,2.16,2.18,NA,NA,NA,NA,NA
2012-01-11,2.12,2.04,1.72,NA,NA,NA,NA,NA
2012-01-12,1.4,1.53,1.92,NA,NA,NA,NA,NA
2012-01-13,2.78,2.68,2.52,NA,7.08974754711899,6.57183710045118,6.67292141446159,6.9784660179588
2012-01-14,1.62,1.49,1.39,NA,NA,NA,NA,NA
2012-01-15,2.05,1.34,1.77,NA,NA,NA,NA,NA
2012-01-16,4.56,3.23,2.97,NA,NA,NA,NA,NA
2012-01-17,2.6,2.14,2.1,NA,NA,NA,NA,NA
2012-01-18,2.61,2.22,2.19,NA,NA,NA,NA,NA
2012-01-19,2.67,2.22,2.24,NA,NA,NA,NA,NA
2012-01-20,2.66,2.31,2.32,NA,NA,NA,NA,NA
2012-01-21,4.35,3.44,2.98,NA,NA,NA,NA,NA
2012-01-22,2.42,1.98,1.9,NA,NA,NA,NA,NA
2012-01-23,3.73,1.74,2.01,NA,NA,NA,NA,NA
2012-01-24,3.86,3.03,3.16,NA,NA,NA,NA,NA
2012-01-25,3.23,2.94,2.84,NA,NA,NA,NA,NA
2012-01-26,3.12,2.69,2.63,NA,NA,NA,NA,NA
2012-01-27,3.94,3.07,2.72,NA,NA,NA,NA,NA
2012-01-28,4.36,4.01,4,NA,NA,NA,NA,NA
2012-01-29,3.51,3.3,2.88,NA,8.78288424127431,8.4085170826029,8.82493884287977,8.36876220679582
2012-01-30,3.17,2.94,2.73,NA,NA,NA,NA,NA
2012-01-31,3.23,2.68,2.59,NA,NA,NA,NA,NA
2012-02-01,3.59,2.84,2.68,NA,NA,NA,NA,NA
2012-02-02,4.13,4.03,4.22,NA,NA,NA,NA,NA
2012-02-03,3.37,3.19,3,NA,NA,NA,NA,NA
2012-02-04,3.21,3.01,2.7,NA,NA,NA,NA,NA
2012-02-05,3.62,3.07,2.81,NA,NA,NA,NA,NA
2012-02-06,2.83,2.56,2.38,NA,NA,NA,NA,NA
2012-02-07,1.89,1.8,1.38,NA,NA,NA,NA,NA
2012-02-08,2.84,3.04,2.78,NA,NA,NA,NA,NA
2012-02-09,4.2,3.66,3.14,NA,NA,NA,NA,NA
2012-02-10,3.93,3.54,3.28,NA,NA,NA,NA,NA
2012-02-11,5.67,4.69,3.84,NA,NA,NA,NA,NA
2012-02-12,5.01,4.29,3.47,NA,NA,NA,NA,NA
2012-02-13,4.55,3.72,2.95,NA,NA,NA,NA,NA
2012-02-14,5.02,3.77,2.95,NA,NA,NA,NA,NA
2012-02-15,4,3.34,3.01,NA,NA,NA,NA,NA
2012-02-16,3.29,2.16,2.4,NA,NA,NA,NA,NA
2012-02-17,4.18,3.37,3.36,NA,NA,NA,NA,NA
2012-02-18,3.85,3.05,2.95,NA,NA,NA,NA,NA
2012-02-19,5.53,3.95,3.45,NA,NA,NA,NA,NA
2012-02-20,3.42,2.78,2.66,NA,NA,NA,NA,NA
2012-02-21,4.23,3.76,3.64,NA,NA,NA,NA,NA
2012-02-22,4.15,3.75,3.4,NA,NA,NA,NA,NA
2012-02-23,4.1,3.82,3.61,NA,NA,NA,NA,NA
2012-02-24,4.48,4.39,4.78,NA,NA,NA,NA,NA
2012-02-25,4.98,4.5,3.77,NA,NA,NA,NA,NA
2012-02-26,4.39,4,3.68,NA,NA,NA,NA,NA
2012-02-27,5.67,4.51,3.8,NA,NA,NA,NA,NA
2012-02-28,4.41,3.45,3.36,NA,NA,NA,NA,NA
2012-02-29,4.05,3.31,3.14,NA,NA,NA,NA,NA
2012-03-01,6.46,4.95,4.38,NA,6.92043329330193,5.89319303089477,4.73785898025188,7.20030400561453
2012-03-02,4.78,5.38,5.49,NA,NA,NA,NA,NA
2012-03-03,4.22,4.32,4.01,NA,NA,NA,NA,NA
2012-03-04,4.54,4.48,4.16,NA,NA,NA,NA,NA
2012-03-05,4.15,3.82,3.53,NA,NA,NA,NA,NA
2012-03-06,6.68,5.84,5.47,NA,NA,NA,NA,NA
2012-03-07,4.86,4.54,4.45,NA,NA,NA,NA,NA
2012-03-08,4.47,4.53,4.2,NA,NA,NA,NA,NA
2012-03-09,4.79,4.73,4.34,NA,NA,NA,NA,NA
2012-03-10,4.96,5.09,4.63,NA,NA,NA,NA,NA
2012-03-11,5.82,4.99,4.73,NA,NA,NA,NA,NA
2012-03-12,4.88,4.53,4.22,NA,NA,NA,NA,NA
2012-03-13,5.33,4.67,4.29,NA,NA,NA,NA,NA
2012-03-14,5.26,4.65,4.27,NA,NA,NA,NA,NA
2012-03-15,5.19,4.55,4.32,NA,NA,NA,NA,NA
2012-03-16,6.97,5.78,4.53,NA,NA,NA,NA,NA
2012-03-17,4.32,3.62,2.84,NA,NA,NA,NA,NA
2012-03-18,4.42,3.92,3.12,NA,NA,NA,NA,NA
2012-03-19,3.34,3.02,3.71,NA,NA,NA,NA,NA
2012-03-20,4.17,3.88,3.79,NA,NA,NA,NA,NA
2012-03-21,4.77,4.32,4.39,NA,NA,NA,NA,NA
2012-03-22,5.76,5.28,4.89,NA,NA,NA,NA,NA
2012-03-23,5.56,5.16,4.95,NA,NA,NA,NA,NA
2012-03-24,4.99,4.43,4.15,NA,NA,NA,NA,NA
2012-03-25,5.21,4.97,4.76,NA,NA,NA,NA,NA
2012-03-26,5.19,4.97,4.51,NA,NA,NA,NA,NA
2012-03-27,5.09,4.65,4.52,NA,NA,NA,NA,NA
2012-03-28,5.92,5.2,4.79,NA,NA,NA,NA,NA
2012-03-29,5.65,5.22,4.9,NA,NA,NA,NA,NA
2012-03-30,5.65,5.61,5.04,NA,NA,NA,NA,NA
2012-03-31,7.28,6.84,5.91,NA,NA,NA,NA,NA
2012-04-01,6.33,6.13,5.57,NA,NA,NA,NA,NA
2012-04-02,6.37,6.23,6.17,NA,11.7284877296446,11.0365587044959,10.8232592101291,11.0437124843037
2012-04-03,5.66,5.46,5.26,NA,NA,NA,NA,NA
2012-04-04,6.42,6.11,5.32,NA,NA,NA,NA,NA
2012-04-05,6.72,5.57,4.64,NA,NA,NA,NA,NA
2012-04-06,5.51,5.53,5.55,NA,NA,NA,NA,NA
2012-04-07,5.79,5.69,5.63,NA,NA,NA,NA,NA
2012-04-08,5.18,5.2,4.78,NA,NA,NA,NA,NA
2012-04-09,6.16,5.94,5.39,NA,NA,NA,NA,NA
2012-04-10,6.71,6.77,6.08,NA,NA,NA,NA,NA
2012-04-11,6.2,5.8,4.96,NA,NA,NA,NA,NA
2012-04-12,6.74,6.06,5.35,NA,NA,NA,NA,NA
2012-04-13,5.21,4.68,3.65,NA,NA,NA,NA,NA
2012-04-14,6.03,5.9,5.2,NA,NA,NA,NA,NA
2012-04-15,5.09,5.01,4.74,NA,NA,NA,NA,NA
2012-04-16,5.51,5.42,5.43,NA,NA,NA,NA,NA
2012-04-17,6.24,6.05,5.68,NA,NA,NA,NA,NA
2012-04-18,7.14,6.24,5.89,NA,NA,NA,NA,NA
2012-04-19,6.03,6.04,5.75,NA,NA,NA,NA,NA
2012-04-20,6.31,6.74,6.19,NA,NA,NA,NA,NA
2012-04-21,7.32,6.7,6.37,NA,NA,NA,NA,NA
2012-04-22,7.56,7.4,6.58,NA,NA,NA,NA,NA
2012-04-23,7.14,7.54,6.93,NA,NA,NA,NA,NA
2012-04-24,6.24,5.58,5.36,NA,NA,NA,NA,NA
2012-04-25,5.42,4.45,3.45,NA,NA,NA,NA,NA
2012-04-26,7.26,6.8,6.24,NA,NA,NA,NA,NA
2012-04-27,6.35,5.96,5.72,NA,NA,NA,NA,NA
2012-04-28,6.61,6.58,6.4,NA,NA,NA,NA,NA
2012-04-29,6.63,6.88,6.98,NA,NA,NA,NA,NA
2012-04-30,6.55,6.52,6.6,NA,NA,NA,NA,NA
2012-05-01,7.38,6.53,6.1,NA,NA,NA,NA,NA
2012-05-02,6.9,5.63,5.29,NA,NA,NA,NA,NA
2012-05-03,7.12,6.26,5.89,NA,NA,NA,NA,NA
2012-05-04,8.87,7.68,7.13,NA,9.97732631391779,3.34385584789607,NA,6.03079968157813
2012-05-05,7.4,6.94,6.66,NA,NA,NA,NA,NA
2012-05-06,6.92,6.82,6.68,NA,NA,NA,NA,NA
2012-05-07,7.47,7.16,7.09,NA,NA,NA,NA,NA
2012-05-08,7.6,7.87,7.54,NA,NA,NA,NA,NA
2012-05-09,7.35,7.6,7.51,NA,NA,NA,NA,NA
2012-05-10,8.16,7.68,7.66,NA,NA,NA,NA,NA
2012-05-11,8.48,7.54,7.31,NA,NA,NA,NA,NA
2012-05-12,6.91,7,6.81,NA,NA,NA,NA,NA
2012-05-13,7.57,7.59,7.18,NA,NA,NA,NA,NA
2012-05-14,9.18,8.29,8.25,NA,NA,NA,NA,NA
2012-05-15,11.56,8.87,7.44,NA,NA,NA,NA,NA
2012-05-16,7.97,7.53,7.43,NA,NA,NA,NA,NA
2012-05-17,9.81,9.24,9.12,NA,NA,NA,NA,NA
2012-05-18,11.83,9.88,8.06,NA,NA,NA,NA,NA
2012-05-19,7.4,6.95,7.21,NA,NA,NA,NA,NA
2012-05-20,7.59,7.21,7.06,NA,7.39917588323095,14.5901291864269,7.801134,8.20309335370633
2012-05-21,9.17,7.67,7.39,NA,NA,NA,NA,NA
2012-05-22,10.22,8.3,7.69,NA,NA,NA,NA,NA
2012-05-23,12.51,10.13,8.12,NA,NA,NA,NA,NA
2012-05-24,7.69,6.69,7.4,NA,NA,NA,NA,NA
2012-05-25,8.59,7.63,7.33,NA,NA,NA,NA,NA
2012-05-26,8.69,8.14,7.42,NA,NA,NA,NA,NA
2012-05-27,6.7,6.6,6.75,NA,NA,NA,NA,NA
2012-05-28,7.28,7.06,7.18,NA,NA,NA,NA,NA
2012-05-29,8.45,7.52,7.83,NA,NA,NA,NA,NA
2012-05-30,8.21,7.76,7.86,NA,NA,NA,NA,NA
2012-05-31,8.12,8.47,8.32,NA,NA,NA,NA,NA
2012-06-01,11.01,9.34,9.24,NA,NA,NA,NA,NA
2012-06-02,10.64,9.54,9.71,NA,NA,NA,NA,NA
2012-06-03,7.33,7.73,8.39,NA,NA,NA,NA,NA
2012-06-04,8.98,8.23,8.4,NA,NA,NA,NA,NA
2012-06-05,11.37,9.93,8.82,NA,14.263805837642,23.2953225819708,NA,16.1673526311012
2012-06-06,8.16,7.3,7.26,NA,NA,NA,NA,NA
2012-06-07,7.5,7.42,8.13,NA,NA,NA,NA,NA
2012-06-08,7.86,7.99,8.89,NA,NA,NA,NA,NA
2012-06-09,10.3,8.7,8.84,NA,NA,NA,NA,NA
2012-06-10,7.03,7.54,7.91,NA,NA,NA,NA,NA
2012-06-11,7.46,7.52,8.12,NA,NA,NA,NA,NA
2012-06-12,7.53,7.74,8.65,NA,NA,NA,NA,NA
2012-06-13,9.84,8.69,9,NA,NA,NA,NA,NA
2012-06-14,7.99,8.44,8.7,NA,NA,NA,NA,NA
2012-06-15,7.07,8.1,8.92,NA,NA,NA,NA,NA
2012-06-16,6.94,7.37,7.8,NA,NA,NA,NA,NA
2012-06-17,8.07,7.54,7.94,NA,NA,NA,NA,NA
2012-06-18,13.44,10.75,11.33,NA,NA,NA,NA,NA
2012-06-19,15.26,13.27,13,NA,NA,NA,NA,NA
2012-06-20,8.9,7.88,8.8,NA,NA,NA,NA,NA
2012-06-21,9.5,8.84,9.4,NA,15.3061812949957,14.52321825872,14.9643829339867,12.5186812078082
2012-06-22,12.78,10.65,9.68,NA,NA,NA,NA,NA
2012-06-23,10.74,9.67,8.75,NA,NA,NA,NA,NA
2012-06-24,8.93,7.99,7.93,NA,NA,NA,NA,NA
2012-06-25,10.01,8.73,8.54,NA,NA,NA,NA,NA
2012-06-26,10.12,8.36,8.11,NA,NA,NA,NA,NA
2012-06-27,8.75,7.88,8.09,NA,NA,NA,NA,NA
2012-06-28,9.32,8.59,8.24,NA,NA,NA,NA,NA
2012-06-29,11.04,9.52,8.19,NA,NA,NA,NA,NA
2012-06-30,10.26,9.88,8.21,NA,NA,NA,NA,NA
2012-07-01,10.3,9.83,8.24,NA,NA,NA,NA,NA
2012-07-02,8.4,8.87,8.34,NA,NA,NA,NA,NA
2012-07-03,7.8,8.84,9.19,NA,NA,NA,NA,NA
2012-07-04,6.71,6.07,6.2,NA,NA,NA,NA,NA
2012-07-05,7.35,7.97,8.24,NA,NA,NA,NA,NA
2012-07-06,7.83,7.23,8.02,NA,NA,NA,NA,NA
2012-07-07,10.33,8.85,9.34,NA,14.1986636704516,12.770352188879,12.5567502983257,13.6554840740189
2012-07-08,9.22,8.72,8.12,NA,NA,NA,NA,NA
2012-07-09,9.2,8.57,8.09,NA,NA,NA,NA,NA
2012-07-10,8.43,8.28,8.57,NA,NA,NA,NA,NA
2012-07-11,6.49,7.87,8.8,NA,NA,NA,NA,NA
2012-07-12,4.32,4.41,4.73,NA,NA,NA,NA,NA
2012-07-13,4.4,5.99,6.44,NA,NA,NA,NA,NA
2012-07-14,8.28,6.45,6.96,NA,NA,NA,NA,NA
2012-07-15,8.96,7.76,7.77,NA,NA,NA,NA,NA
2012-07-16,9.52,9.05,9,NA,NA,NA,NA,NA
2012-07-17,11.17,8.34,8.79,NA,NA,NA,NA,NA
2012-07-18,8.8,7.66,7.71,NA,NA,NA,NA,NA
2012-07-19,8.15,7.11,8.43,NA,NA,NA,NA,NA
2012-07-20,8.19,7.55,8.06,NA,NA,NA,NA,NA
2012-07-21,7.9,8.03,8.41,NA,NA,NA,NA,NA
2012-07-22,8.29,8.46,8.7,NA,NA,NA,NA,NA
2012-07-23,8.02,7.77,7.13,NA,NA,NA,NA,NA
2012-07-24,10.82,9.11,8.42,NA,NA,NA,NA,NA
2012-07-25,10.67,8.65,8.39,NA,NA,NA,NA,NA
2012-07-26,9.24,8.12,8.14,NA,NA,NA,NA,NA
2012-07-27,10.5,8.35,8.28,NA,NA,NA,NA,NA
2012-07-28,8.27,8.97,9.2,NA,NA,NA,NA,NA
2012-07-29,7.09,7.45,8.11,NA,NA,NA,NA,NA
2012-07-30,5.74,4.94,5.62,NA,NA,NA,NA,NA
2012-07-31,2.46,3.22,3.1,NA,NA,NA,NA,NA
2012-08-01,6.25,6.05,6.69,NA,NA,NA,NA,NA
2012-08-02,6.98,6.78,7.41,NA,NA,NA,NA,NA
2012-08-03,7.03,7.19,7.88,NA,NA,NA,NA,NA
2012-08-04,6.92,7.4,8.48,NA,NA,NA,NA,NA
2012-08-05,6.99,7.75,8.71,NA,NA,NA,NA,NA
2012-08-06,6.52,6.84,7.56,NA,NA,NA,NA,NA
2012-08-07,7.67,7.69,8.13,NA,NA,NA,NA,NA
2012-08-08,7.18,7.44,7.98,NA,12.2648717923535,11.9060456564633,13.0239343047434,10.2852453434204
2012-08-09,7.07,7.91,8.51,NA,NA,NA,NA,NA
2012-08-10,7.38,8.03,8.54,NA,NA,NA,NA,NA
2012-08-11,7.18,7.83,8.09,NA,NA,NA,NA,NA
2012-08-12,7.37,7.99,8.2,NA,NA,NA,NA,NA
2012-08-13,7.15,7.53,8.4,NA,NA,NA,NA,NA
2012-08-14,8.08,8.25,8.86,NA,NA,NA,NA,NA
2012-08-15,5.96,6.67,7.17,NA,NA,NA,NA,NA
2012-08-16,4.83,4.45,2.47,NA,NA,NA,NA,NA
2012-08-17,5.49,5.58,5.92,NA,NA,NA,NA,NA
2012-08-18,6.4,6.32,6.56,NA,NA,NA,NA,NA
2012-08-19,6.59,7.01,7.02,NA,NA,NA,NA,NA
2012-08-20,6.99,7.15,7.83,NA,NA,NA,NA,NA
2012-08-21,6.01,7.35,7.74,NA,NA,NA,NA,NA
2012-08-22,6.15,6.23,6.39,NA,NA,NA,NA,NA
2012-08-23,5.97,5.73,6.24,NA,NA,NA,NA,NA
2012-08-24,6.58,6.56,7.12,NA,10.0957836871149,10.1244992149984,10.6605860514668,9.30838149471981
2012-08-25,6.91,7.36,7.89,NA,NA,NA,NA,NA
2012-08-26,7.53,7.01,6.69,NA,NA,NA,NA,NA
2012-08-27,6.7,6.77,7.1,NA,NA,NA,NA,NA
2012-08-28,6.04,6.3,6.56,NA,NA,NA,NA,NA
2012-08-29,6.95,8.09,8.38,NA,NA,NA,NA,NA
2012-08-30,3.61,4.18,4.87,NA,NA,NA,NA,NA
2012-08-31,6.15,6.02,6.47,NA,NA,NA,NA,NA
2012-09-01,7.06,6.67,7.1,NA,NA,NA,NA,NA
2012-09-02,7.9,6.96,7.07,NA,NA,NA,NA,NA
2012-09-03,6.72,7.22,8.11,NA,NA,NA,NA,NA
2012-09-04,5.77,6.04,6.85,NA,NA,NA,NA,NA
2012-09-05,6.25,5.89,6.42,NA,NA,NA,NA,NA
2012-09-06,6.49,6.35,6.9,NA,NA,NA,NA,NA
2012-09-07,6.6,6.14,6.73,NA,NA,NA,NA,NA
2012-09-08,4.4,4.79,5.61,NA,NA,NA,NA,NA
2012-09-09,5.2,5.2,5.32,NA,NA,NA,NA,NA
2012-09-10,3.02,3.62,3.18,NA,NA,NA,NA,NA
2012-09-11,5.12,NA,4.44,NA,NA,NA,NA,NA
2012-09-12,5.1,NA,5.19,NA,NA,NA,NA,NA
2012-09-13,6.44,NA,6.81,NA,NA,NA,NA,NA
2012-09-14,6.56,NA,7.25,NA,NA,NA,NA,NA
2012-09-15,5.77,NA,6.33,NA,NA,NA,NA,NA
2012-09-16,5.98,NA,6.27,NA,NA,NA,NA,NA
2012-09-17,6.35,NA,5.83,NA,NA,NA,NA,NA
2012-09-18,5.92,NA,6.16,NA,NA,NA,NA,NA
2012-09-19,5.98,4.45,5.89,NA,NA,NA,NA,NA
2012-09-20,6.12,5.83,6.27,NA,NA,NA,NA,NA
2012-09-21,5.63,5.71,6.15,NA,NA,NA,NA,NA
2012-09-22,5.65,5.61,5.73,NA,NA,NA,NA,NA
2012-09-23,6.11,6.02,5.59,NA,NA,NA,NA,NA
2012-09-24,7.98,8.13,7.15,NA,NA,NA,NA,NA
2012-09-25,9.64,7.96,6.5,NA,14.7431311055186,12.8555101152647,11.1933041887683,15.1469354011153
2012-09-26,5.36,5.33,5.87,NA,NA,NA,NA,NA
2012-09-27,5.21,5.32,6.04,NA,NA,NA,NA,NA
2012-09-28,4.8,4.58,5.21,NA,NA,NA,NA,NA
2012-09-29,4.95,4.9,5.62,NA,NA,NA,NA,NA
2012-09-30,5.5,6.37,6.22,NA,NA,NA,NA,NA
2012-10-01,5.39,6.04,6.1,NA,NA,NA,NA,NA
2012-10-02,6.04,5.67,6.2,NA,NA,NA,NA,NA
2012-10-03,9.43,7.84,6.55,NA,NA,NA,NA,NA
2012-10-04,8.92,7.32,5.84,NA,NA,NA,NA,NA
2012-10-05,4.85,4.69,4.2,NA,NA,NA,NA,NA
2012-10-06,6,4.92,4.91,NA,NA,NA,NA,NA
2012-10-07,5.26,5.2,5.18,NA,NA,NA,NA,NA
2012-10-08,5.64,4.71,5.08,NA,NA,NA,NA,NA
2012-10-09,5.84,4.64,5.07,NA,NA,NA,NA,NA
2012-10-10,5.91,5.05,4.71,NA,NA,NA,NA,NA
2012-10-11,6.39,6.1,5.58,NA,8.53649876978179,8.00702746792392,7.75388799677904,8.45368106156482
2012-10-12,5.39,5.03,4.7,NA,NA,NA,NA,NA
2012-10-13,4.02,3.9,4.01,NA,NA,NA,NA,NA
2012-10-14,4.42,4.58,4.92,NA,NA,NA,NA,NA
2012-10-15,4.55,4.35,4.46,NA,NA,NA,NA,NA
2012-10-16,4.45,4.35,4.83,NA,NA,NA,NA,NA
2012-10-17,4.1,3.9,4.48,NA,NA,NA,NA,NA
2012-10-18,3.86,3.17,3.82,NA,NA,NA,NA,NA
2012-10-19,4.14,3.66,4.13,NA,NA,NA,NA,NA
2012-10-20,5.23,4.4,4.71,NA,NA,NA,NA,NA
2012-10-21,5.57,4.89,4.55,NA,NA,NA,NA,NA
2012-10-22,4.71,3.69,4.1,NA,NA,NA,NA,NA
2012-10-23,5.99,4.33,4.58,NA,NA,NA,NA,NA
2012-10-24,4.79,4.11,4.16,NA,NA,NA,NA,NA
2012-10-25,3.76,3.51,4.08,NA,NA,NA,NA,NA
2012-10-26,4.9,4.95,6.11,NA,NA,NA,NA,NA
2012-10-27,4.04,3.95,4.23,NA,12.3182467477107,11.5550930300418,11.9228640266339,11.36673823243
2012-10-28,3.9,3.7,3.95,NA,NA,NA,NA,NA
2012-10-29,3.73,3.46,3.99,NA,NA,NA,NA,NA
2012-10-30,3.73,3.5,4.1,NA,NA,NA,NA,NA
2012-10-31,3.63,3.34,3.73,NA,NA,NA,NA,NA
2012-11-01,3.98,3.21,3.6,NA,NA,NA,NA,NA
2012-11-02,3.45,3,3.21,NA,NA,NA,NA,NA
2012-11-03,3.38,3.11,3.34,NA,NA,NA,NA,NA
2012-11-04,3.75,3.85,3.81,NA,NA,NA,NA,NA
2012-11-05,3.7,3.8,3.65,NA,NA,NA,NA,NA
2012-11-06,3.52,3.27,3.41,NA,NA,NA,NA,NA
2012-11-07,3.79,3.34,3.25,NA,NA,NA,NA,NA
2012-11-08,3.07,2.63,1.85,NA,NA,NA,NA,NA
2012-11-09,4.38,3.57,3.46,NA,NA,NA,NA,NA
2012-11-10,4.55,3.82,3.79,NA,NA,NA,NA,NA
2012-11-11,2.96,2.8,3.09,NA,NA,NA,NA,NA
2012-11-12,3.4,3.06,3.12,NA,7.20988670158336,6.80140707364236,6.97028808599797,6.75929572894206
2012-11-13,3.07,2.92,2.94,NA,NA,NA,NA,NA
2012-11-14,2.92,2.74,2.8,NA,NA,NA,NA,NA
2012-11-15,1.19,0.87,1.08,NA,NA,NA,NA,NA
2012-11-16,3.04,2.52,2.63,NA,NA,NA,NA,NA
2012-11-17,4.93,3.4,3.07,NA,NA,NA,NA,NA
2012-11-18,3.26,2.53,2.81,NA,NA,NA,NA,NA
2012-11-19,2.71,2.29,2.57,NA,NA,NA,NA,NA
2012-11-20,2.96,2.5,2.73,NA,NA,NA,NA,NA
2012-11-21,2.69,2.41,2.62,NA,NA,NA,NA,NA
2012-11-22,2.76,2.37,2.61,NA,NA,NA,NA,NA
2012-11-23,3.02,2.83,3.07,NA,NA,NA,NA,NA
2012-11-24,3.17,2.75,2.73,NA,NA,NA,NA,NA
2012-11-25,2.94,2.58,2.7,NA,NA,NA,NA,NA
2012-11-26,2.56,1.86,2.22,NA,NA,NA,NA,NA
2012-11-27,2.66,2.22,2.37,NA,NA,NA,NA,NA
2012-11-28,2.51,2.18,2.5,NA,4.11058338906486,3.57561296298805,3.39037389700207,4.45973739719665
2012-11-29,2.89,2.21,2.63,NA,NA,NA,NA,NA
2012-11-30,3.81,2.55,2.88,NA,NA,NA,NA,NA
2012-12-01,2.71,2.19,2.46,NA,NA,NA,NA,NA
2012-12-02,3.11,2.33,2.69,NA,NA,NA,NA,NA
2012-12-03,2.89,2.22,2.53,NA,NA,NA,NA,NA
2012-12-04,2.37,2.06,2.36,NA,NA,NA,NA,NA
2012-12-05,2.51,2.13,2.39,NA,NA,NA,NA,NA
2012-12-06,2.12,1.88,2.1,NA,NA,NA,NA,NA
2012-12-07,2.63,2.36,2.55,NA,NA,NA,NA,NA
2012-12-08,2.41,2.12,2.38,NA,NA,NA,NA,NA
2012-12-09,2.34,2.17,2.51,NA,NA,NA,NA,NA
2012-12-10,2.5,2.54,2.89,NA,NA,NA,NA,NA
2012-12-11,2.47,2.31,2.38,NA,NA,NA,NA,NA
2012-12-12,2.26,2.2,2.6,NA,NA,NA,NA,NA
2012-12-13,0.77,0.84,1.13,NA,NA,NA,NA,NA
2012-12-14,2.92,1.94,2.04,NA,2.78133563156486,2.74780553676133,2.1726486084217,2.62421709899566
2012-12-15,1.26,0.82,0.92,NA,NA,NA,NA,NA
2012-12-16,2.27,1.78,1.8,NA,NA,NA,NA,NA
2012-12-17,2.04,1.76,1.91,NA,NA,NA,NA,NA
2012-12-18,2.35,1.52,1.84,NA,NA,NA,NA,NA
2012-12-19,3.16,2.49,2.9,NA,NA,NA,NA,NA
2012-12-20,2.38,1.85,2.15,NA,NA,NA,NA,NA
2012-12-21,2.03,1.77,1.85,NA,NA,NA,NA,NA
2012-12-22,2.09,1.78,1.71,NA,NA,NA,NA,NA
2012-12-23,2.41,1.76,1.68,NA,NA,NA,NA,NA
2012-12-24,4.55,2.86,2.77,NA,NA,NA,NA,NA
2012-12-25,1.87,1.61,1.94,NA,NA,NA,NA,NA
2012-12-26,3.55,2.42,2.6,NA,NA,NA,NA,NA
2012-12-27,3.18,2.12,2.2,NA,NA,NA,NA,NA
2012-12-28,2.31,1.89,2.05,NA,NA,NA,NA,NA
2012-12-29,2.1,1.83,1.85,NA,NA,NA,NA,NA
2012-12-30,2.09,1.85,1.95,NA,3.81918959249296,3.34785662127325,3.26650132605185,3.85116755469118
2012-12-31,2.22,1.81,1.92,NA,NA,NA,NA,NA
2013-01-01,1.88,1.73,1.64,NA,NA,NA,NA,NA
2013-01-02,2.93,2.49,2.61,NA,NA,NA,NA,NA
2013-01-03,2.75,2.73,2.73,NA,NA,NA,NA,NA
2013-01-04,2.38,2.06,2.21,NA,NA,NA,NA,NA
2013-01-05,2.48,1.95,2.13,NA,NA,NA,NA,NA
2013-01-06,3.39,2.38,2.47,NA,NA,NA,NA,NA
2013-01-07,2.99,2.65,3.1,NA,NA,NA,NA,NA
2013-01-08,2.92,2.62,2.69,NA,NA,NA,NA,NA
2013-01-09,2.34,2.19,2.34,NA,NA,NA,NA,NA
2013-01-10,3.29,2.57,2.51,NA,NA,NA,NA,NA
2013-01-11,3,2.4,2.26,NA,NA,NA,NA,NA
2013-01-12,2.54,1.93,2.1,NA,NA,NA,NA,NA
2013-01-13,2.27,1.95,2.16,NA,NA,NA,NA,NA
2013-01-14,2.68,2.61,2.97,NA,NA,NA,NA,NA
2013-01-15,2.44,2.21,2.47,NA,5.78551153147191,5.42482927104431,5.45107847839993,5.30420636010514
2013-01-16,2.72,2.49,2.5,NA,NA,NA,NA,NA
2013-01-17,2.94,2.77,3.04,NA,NA,NA,NA,NA
2013-01-18,2.96,2.72,2.81,NA,NA,NA,NA,NA
2013-01-19,3.01,2.77,2.9,NA,NA,NA,NA,NA
2013-01-20,3.01,2.51,2.46,NA,NA,NA,NA,NA
2013-01-21,3.38,3.05,3.02,NA,NA,NA,NA,NA
2013-01-22,3.17,2.73,2.79,NA,NA,NA,NA,NA
2013-01-23,2.24,2.07,2.07,NA,NA,NA,NA,NA
2013-01-24,1.91,1.74,1.94,NA,NA,NA,NA,NA
2013-01-25,0.78,0.7,1.02,NA,NA,NA,NA,NA
2013-01-26,1.79,1.38,1.08,NA,NA,NA,NA,NA
2013-01-27,1.87,2.06,2.4,NA,NA,NA,NA,NA
2013-01-28,2.45,2.5,2.92,NA,NA,NA,NA,NA
2013-01-29,2.51,2.37,2.45,NA,NA,NA,NA,NA
2013-01-30,2.56,2.18,2.46,NA,NA,NA,NA,NA
2013-01-31,2.79,2.67,2.59,NA,5.38046391053149,4.5911734216306,4.13780835399,5.03618505506516
2013-02-01,2.79,2.66,2.87,NA,NA,NA,NA,NA
2013-02-02,2.85,2.73,2.93,NA,NA,NA,NA,NA
2013-02-03,2.85,2.93,2.91,NA,NA,NA,NA,NA
2013-02-04,3.22,3,3.13,NA,NA,NA,NA,NA
2013-02-05,3.3,3.21,3.11,NA,NA,NA,NA,NA
2013-02-06,3.19,3.01,3.09,NA,NA,NA,NA,NA
2013-02-07,3.29,3.19,3.14,NA,NA,NA,NA,NA
2013-02-08,3.79,4.18,3.23,NA,NA,NA,NA,NA
2013-02-09,3.35,3.39,3.15,NA,NA,NA,NA,NA
2013-02-10,2.82,2.97,2.81,NA,NA,NA,NA,NA
2013-02-11,3.17,3.07,3,NA,NA,NA,NA,NA
2013-02-12,3.3,3.07,3.08,NA,NA,NA,NA,NA
2013-02-13,3.16,3.17,3.18,NA,NA,NA,NA,NA
2013-02-14,3.69,3.59,3.72,NA,NA,NA,NA,NA
2013-02-15,3.96,3.72,4.17,NA,NA,NA,NA,NA
2013-02-16,3.9,3.78,3.75,NA,NA,NA,NA,NA
2013-02-17,5.48,4.53,3.76,NA,NA,NA,NA,NA
2013-02-18,3.68,3.33,3.44,NA,NA,NA,NA,NA
2013-02-19,3.57,3.79,3.24,NA,NA,NA,NA,NA
2013-02-20,3.25,3.18,3.31,NA,NA,NA,NA,NA
2013-02-21,2.75,2.63,2.74,NA,NA,NA,NA,NA
2013-02-22,3.51,3.21,3.22,NA,NA,NA,NA,NA
2013-02-23,4.42,3.8,3.75,NA,NA,NA,NA,NA
2013-02-24,5.23,4.61,5.14,NA,NA,NA,NA,NA
2013-02-25,3.67,3.5,3.6,NA,NA,NA,NA,NA
2013-02-26,4.14,4.13,4.35,NA,NA,NA,NA,NA
2013-02-27,4.63,4.49,4.61,NA,NA,NA,NA,NA
2013-02-28,4.47,4.39,4.27,NA,NA,NA,NA,NA
2013-03-01,4.27,4.3,4.16,NA,NA,NA,NA,NA
2013-03-02,4.54,4.11,4.23,NA,NA,NA,NA,NA
2013-03-03,5.4,3.95,3.3,NA,NA,NA,NA,NA
2013-03-04,4.52,4.5,4.33,NA,10.3140088504767,8.87132013554418,8.01033604139961,10.5122119631035
2013-03-05,3.84,3.67,3.64,NA,NA,NA,NA,NA
2013-03-06,5.35,4.48,4.47,NA,NA,NA,NA,NA
2013-03-07,4.47,4.34,4.31,NA,NA,NA,NA,NA
2013-03-08,3.25,3.28,2.76,NA,NA,NA,NA,NA
2013-03-09,4.42,4.69,3.91,NA,NA,NA,NA,NA
2013-03-10,5.47,5.08,5.09,NA,NA,NA,NA,NA
2013-03-11,4.74,4.5,4.45,NA,NA,NA,NA,NA
2013-03-12,5.09,4.75,4.7,NA,NA,NA,NA,NA
2013-03-13,5.17,5.05,4.88,NA,NA,NA,NA,NA
2013-03-14,5.12,5.13,5.06,NA,NA,NA,NA,NA
2013-03-15,5.63,5.14,4.99,NA,NA,NA,NA,NA
2013-03-16,5.89,5.65,5.18,NA,NA,NA,NA,NA
2013-03-17,5.97,5.39,4.91,NA,NA,NA,NA,NA
2013-03-18,4.99,4.53,4.55,NA,NA,NA,NA,NA
2013-03-19,5.24,5.2,4.69,NA,NA,NA,NA,NA
2013-03-20,6.4,5.99,5.11,NA,NA,NA,NA,NA
2013-03-21,4.98,5.22,4.64,NA,NA,NA,NA,NA
2013-03-22,6,5.89,5.11,NA,NA,NA,NA,NA
2013-03-23,5.44,5.51,6.02,NA,NA,NA,NA,NA
2013-03-24,5.01,5,4.94,NA,NA,NA,NA,NA
2013-03-25,5.59,5.26,5,NA,NA,NA,NA,NA
2013-03-26,6.89,6.06,5.62,NA,NA,NA,NA,NA
2013-03-27,8.38,6.76,5.16,NA,NA,NA,NA,NA
2013-03-28,5.31,5.29,4.9,NA,NA,NA,NA,NA
2013-03-29,4.72,4.58,4.75,NA,NA,NA,NA,NA
2013-03-30,6.16,5.65,5.3,NA,NA,NA,NA,NA
2013-03-31,7.77,8.39,6.9,NA,NA,NA,NA,NA
2013-04-01,6.55,6.17,6,NA,NA,NA,NA,NA
2013-04-02,5.76,5.73,5.56,NA,NA,NA,NA,NA
2013-04-03,5.76,5.85,5.56,NA,NA,NA,NA,NA
2013-04-04,6.24,5.64,5.06,NA,NA,NA,NA,NA
2013-04-05,8.18,7.48,6.44,NA,12.415245674122,11.0632581699976,10.3072909909435,13.2847682835875
2013-04-06,6.29,5.92,5.58,NA,NA,NA,NA,NA
2013-04-07,5.72,5.71,5.18,NA,NA,NA,NA,NA
2013-04-08,6.03,7.49,5.8,NA,NA,NA,NA,NA
2013-04-09,6.71,6.33,6.75,NA,NA,NA,NA,NA
2013-04-10,6.29,5.94,6.3,NA,NA,NA,NA,NA
2013-04-11,6.72,7.11,6.19,NA,NA,NA,NA,NA
2013-04-12,5.48,5.72,6.06,NA,NA,NA,NA,NA
2013-04-13,8.08,7.25,6.61,NA,NA,NA,NA,NA
2013-04-14,7.02,6.76,6.51,NA,NA,NA,NA,NA
2013-04-15,7.28,7.49,6.57,NA,NA,NA,NA,NA
2013-04-16,6.77,7.37,6.44,NA,NA,NA,NA,NA
2013-04-17,6.87,6.58,6.85,NA,NA,NA,NA,NA
2013-04-18,6.36,6.3,6.88,NA,NA,NA,NA,NA
2013-04-19,5.94,5.9,5.85,NA,NA,NA,NA,NA
2013-04-20,6.04,6.01,6.07,NA,NA,NA,NA,NA
2013-04-21,7,7.16,7.24,NA,9.90360451673699,9.17419856515886,10.1501981746275,10.1824962693703
2013-04-22,6.92,6.86,7.14,NA,NA,NA,NA,NA
2013-04-23,6.05,7.34,7.63,NA,NA,NA,NA,NA
2013-04-24,6.55,6.64,6.9,NA,NA,NA,NA,NA
2013-04-25,6.73,6.92,6.63,NA,NA,NA,NA,NA
2013-04-26,5.66,5.65,5.94,NA,NA,NA,NA,NA
2013-04-27,6.79,6.98,7.26,NA,NA,NA,NA,NA
2013-04-28,7.47,7.79,7.54,NA,NA,NA,NA,NA
2013-04-29,8.81,7.77,7.7,NA,14.4566542578489,11.3869967586679,9.16014857773237,14.1751428813258
2013-04-30,9.28,8.56,8.47,NA,NA,NA,NA,NA
2013-05-01,6.46,6.63,7.95,NA,NA,NA,NA,NA
2013-05-02,7.66,8.49,5.51,NA,NA,NA,NA,NA
2013-05-03,6.29,6.66,4.96,NA,NA,NA,NA,NA
2013-05-04,10.14,9.14,6.18,NA,NA,NA,NA,NA
2013-05-05,6.04,6.2,1.32,NA,NA,NA,NA,NA
2013-05-06,6.15,7.05,0.31,NA,NA,NA,NA,NA
2013-05-07,6.25,7.08,0.69,NA,NA,NA,NA,NA
2013-05-08,6.38,6.54,0.63,NA,NA,NA,NA,NA
2013-05-09,6.55,6.63,1.94,NA,NA,NA,NA,NA
2013-05-10,6.93,6.97,6.27,NA,NA,NA,NA,NA
2013-05-11,7.48,7.62,7.13,NA,NA,NA,NA,NA
2013-05-12,7.24,7.58,7.37,NA,NA,NA,NA,NA
2013-05-13,8.26,7.59,6.76,NA,NA,NA,NA,NA
2013-05-14,10.63,9.84,7.26,NA,NA,NA,NA,NA
2013-05-15,10.68,9.89,5.82,NA,15.8402892107865,13.8585176883744,12.7819500793598,15.2700035724904
2013-05-16,10.07,9.4,6.26,NA,NA,NA,NA,NA
2013-05-17,7.94,8,4.81,NA,NA,NA,NA,NA
2013-05-18,8.14,7.46,2.63,NA,NA,NA,NA,NA
2013-05-19,6.09,6.69,5.6,NA,NA,NA,NA,NA
2013-05-20,6.61,7.6,7.29,NA,NA,NA,NA,NA
2013-05-21,7.5,7.98,6.1,NA,NA,NA,NA,NA
2013-05-22,9.67,10.25,7.91,NA,NA,NA,NA,NA
2013-05-23,10.04,9.7,8.45,NA,14.2350443300341,12.2453705327086,NA,12.6980385952449
2013-05-24,7.82,7.38,7.65,NA,NA,NA,NA,NA
2013-05-25,8.27,7.97,8.32,NA,NA,NA,NA,NA
2013-05-26,8.95,8.85,8.49,NA,NA,NA,NA,NA
2013-05-27,7.68,7.63,7.27,NA,NA,NA,NA,NA
2013-05-28,8.29,8.64,7.83,NA,NA,NA,NA,NA
2013-05-29,7.28,8.15,8.49,NA,NA,NA,NA,NA
2013-05-30,6.55,7.64,8.21,NA,NA,NA,NA,NA
2013-05-31,6,6.76,7.54,NA,11.375570257666,11.0036778765481,11.2052680387059,9.88349092081724
2013-06-01,6.73,7.57,8.07,NA,NA,NA,NA,NA
2013-06-02,7.66,9.54,10.47,NA,NA,NA,NA,NA
2013-06-03,7.54,8.03,8.69,NA,NA,NA,NA,NA
2013-06-04,7.48,7.74,8.18,NA,NA,NA,NA,NA
2013-06-05,7.3,7.68,7.84,NA,NA,NA,NA,NA
2013-06-06,7.8,8.27,8.05,NA,NA,NA,NA,NA
2013-06-07,7.76,8.56,8.64,NA,NA,NA,NA,NA
2013-06-08,7.2,9.46,10.07,NA,17.23945401592,NA,NA,13.6325900155554
2013-06-09,6.01,7.93,8.23,NA,NA,NA,NA,NA
2013-06-10,8.01,8.95,9.17,NA,NA,NA,NA,NA
2013-06-11,6.67,6.82,7.73,NA,NA,NA,NA,NA
2013-06-12,7.4,7.93,8.03,NA,NA,NA,NA,NA
2013-06-13,8.29,8.31,8.78,NA,NA,NA,NA,NA
2013-06-14,7.64,7.55,8.61,NA,NA,NA,NA,NA
2013-06-15,9.3,8.77,8.91,NA,NA,NA,NA,NA
2013-06-16,8.39,7.77,8.19,NA,14.1441217434093,11.4556388111712,9.14880745407507,12.4862545082468
2013-06-17,8.04,7.9,8.51,NA,NA,NA,NA,NA
2013-06-18,9.21,9.4,9.74,NA,NA,NA,NA,NA
2013-06-19,9.87,9.29,8.68,NA,NA,NA,NA,NA
2013-06-20,8.82,8.62,8.53,NA,NA,NA,NA,NA
2013-06-21,8.49,8.52,8.06,NA,NA,NA,NA,NA
2013-06-22,8.38,8.11,7.79,NA,NA,NA,NA,NA
2013-06-23,9.26,9.54,8.47,NA,NA,NA,NA,NA
2013-06-24,11.56,9.98,8.61,NA,NA,NA,NA,NA
2013-06-25,7.23,7.34,7.09,NA,NA,NA,NA,NA
2013-06-26,7.45,9.1,9.44,NA,NA,NA,NA,NA
2013-06-27,6.88,7.82,8.47,NA,NA,NA,NA,NA
2013-06-28,8.75,8.59,8.77,NA,NA,NA,NA,NA
2013-06-29,7.61,9.34,9.29,NA,NA,NA,NA,NA
2013-06-30,6.3,8.21,8.91,NA,NA,NA,NA,NA
2013-07-01,6.53,7.8,7.69,NA,NA,NA,NA,NA
2013-07-02,7.15,7.51,8.58,NA,NA,NA,NA,NA
2013-07-03,6.89,6.63,7.9,NA,NA,NA,NA,NA
2013-07-04,7.16,9.13,9.67,NA,NA,NA,NA,NA
2013-07-05,6.78,8.73,8.04,NA,NA,NA,NA,NA
2013-07-06,5.34,7.08,7.62,NA,NA,NA,NA,NA
2013-07-07,7.97,8.1,8.53,NA,NA,NA,NA,NA
2013-07-08,8.14,8.63,9.15,NA,NA,NA,NA,NA
2013-07-09,4.31,6.37,7.15,NA,NA,NA,NA,NA
2013-07-10,3.52,6.19,6.1,NA,NA,NA,NA,NA
2013-07-11,3.42,5.85,5.64,NA,NA,NA,NA,NA
2013-07-12,6.38,6.88,7.32,NA,NA,NA,NA,NA
2013-07-13,6.87,7.37,8.21,NA,NA,NA,NA,NA
2013-07-14,7.17,7.65,8.24,NA,NA,NA,NA,NA
2013-07-15,8.9,8.86,9.1,NA,NA,NA,NA,NA
2013-07-16,10.46,9.59,8.28,NA,NA,NA,NA,NA
2013-07-17,7.07,7,7.08,NA,NA,NA,NA,NA
2013-07-18,7.32,7.61,7.86,NA,NA,NA,NA,NA
2013-07-19,3.42,5.2,6.41,NA,NA,NA,NA,NA
2013-07-20,3.77,5.47,5.26,NA,NA,NA,NA,NA
2013-07-21,3.21,3.78,3.55,NA,NA,NA,NA,NA
2013-07-22,6,6.3,6.85,NA,NA,NA,NA,NA
2013-07-23,6.54,7.09,7.27,NA,NA,NA,NA,NA
2013-07-24,6.88,7.32,7.8,NA,NA,NA,NA,NA
2013-07-25,5.85,5.65,6.71,NA,NA,NA,NA,NA
2013-07-26,6.34,7.41,7.36,NA,NA,NA,NA,NA
2013-07-27,8.03,8.25,8.2,NA,NA,NA,NA,NA
2013-07-28,10.43,10.42,8.91,NA,NA,NA,NA,NA
2013-07-29,8.04,8.34,8.18,NA,NA,NA,NA,NA
2013-07-30,7.16,7.6,8.33,NA,NA,NA,NA,NA
2013-07-31,7.19,6.99,7.41,NA,NA,NA,NA,NA
2013-08-01,7.89,8.11,8.29,NA,NA,NA,NA,NA
2013-08-02,8.32,7.33,7.15,NA,NA,NA,NA,NA
2013-08-03,7.6,7.24,7.53,NA,NA,NA,NA,NA
2013-08-04,8.11,7.42,7.43,NA,NA,NA,NA,NA
2013-08-05,7.61,7.68,7.83,NA,NA,NA,NA,NA
2013-08-06,7.82,8.14,8.53,NA,NA,NA,NA,NA
2013-08-07,9.71,7.41,8.04,NA,NA,NA,NA,NA
2013-08-08,10.64,8.79,8.94,NA,NA,NA,NA,NA
2013-08-09,9.25,8.46,7.64,NA,NA,NA,NA,NA
2013-08-10,8.27,7.16,7.43,NA,NA,NA,NA,NA
2013-08-11,7.6,7.16,7.13,NA,11.0563117969241,10.7270066398894,10.7975808525762,9.5875007503095
2013-08-12,7.48,7.23,7.28,NA,NA,NA,NA,NA
2013-08-13,7.36,7.99,8.25,NA,NA,NA,NA,NA
2013-08-14,6.59,7.2,7.79,NA,NA,NA,NA,NA
2013-08-15,6.92,8.02,7.84,NA,NA,NA,NA,NA
2013-08-16,7.67,8.17,7.52,NA,NA,NA,NA,NA
2013-08-17,6.79,8.52,8.5,NA,NA,NA,NA,NA
2013-08-18,5.72,8.74,8.94,NA,NA,NA,NA,NA
2013-08-19,4.32,5.12,5.36,NA,NA,NA,NA,NA
2013-08-20,7.11,7.29,6.91,NA,NA,NA,NA,NA
2013-08-21,6.75,8.34,7.97,NA,NA,NA,NA,NA
2013-08-22,6.64,8.2,8.64,NA,NA,NA,NA,NA
2013-08-23,4.7,6.51,6.24,NA,NA,NA,NA,NA
2013-08-24,2.81,4.24,4.71,NA,NA,NA,NA,NA
2013-08-25,2.36,2.04,1.91,NA,NA,NA,NA,NA
2013-08-26,3.69,4.35,4,NA,NA,NA,NA,NA
2013-08-27,5.51,5.56,5.61,NA,7.60590021838377,7.58064956340191,7.80084107838958,6.98948561536307
2013-08-28,5.51,6.48,6.1,NA,NA,NA,NA,NA
2013-08-29,1.98,4.2,4.13,NA,NA,NA,NA,NA
2013-08-30,3.74,3.73,3.46,NA,NA,NA,NA,NA
2013-08-31,5.25,5.42,5.66,NA,NA,NA,NA,NA
2013-09-01,6.09,6.23,6.23,NA,NA,NA,NA,NA
2013-09-02,5.47,6.17,5.79,NA,NA,NA,NA,NA
2013-09-03,4.99,6.06,5.81,NA,NA,NA,NA,NA
2013-09-04,2.41,2.81,2.73,NA,NA,NA,NA,NA
2013-09-05,5.97,6.32,5.68,NA,NA,NA,NA,NA
2013-09-06,5.82,6.85,6.78,NA,NA,NA,NA,NA
2013-09-07,4.23,5.42,5.09,NA,NA,NA,NA,NA
2013-09-08,5.13,5.97,6.14,NA,NA,NA,NA,NA
2013-09-09,5.09,5.58,5.98,NA,NA,NA,NA,NA
2013-09-10,4.84,4.65,4.59,NA,NA,NA,NA,NA
2013-09-11,5.55,5.61,5.98,NA,NA,NA,NA,NA
2013-09-12,5.77,5.68,5.63,NA,7.38583600485462,6.38298764550575,NA,7.7250171927894
2013-09-13,6.34,6,5.89,NA,NA,NA,NA,NA
2013-09-14,6.14,6.29,5.91,NA,NA,NA,NA,NA
2013-09-15,6.59,6.32,6.27,NA,NA,NA,NA,NA
2013-09-16,6.89,7.13,6.46,NA,NA,NA,NA,NA
2013-09-17,7.69,7.42,6.7,NA,NA,NA,NA,NA
2013-09-18,6.43,6.17,5.99,NA,NA,NA,NA,NA
2013-09-19,5.48,5.66,5.75,NA,NA,NA,NA,NA
2013-09-20,6.13,6.17,6.2,NA,NA,NA,NA,NA
2013-09-21,6.84,6.78,6.22,NA,NA,NA,NA,NA
2013-09-22,6.29,6.14,6.27,NA,NA,NA,NA,NA
2013-09-23,5.3,5.81,4.55,NA,NA,NA,NA,NA
2013-09-24,5.97,6.05,5.19,NA,NA,NA,NA,NA
2013-09-25,8.68,8.26,7.93,NA,NA,NA,NA,NA
2013-09-26,7.98,6.91,7.15,NA,NA,NA,NA,NA
2013-09-27,5.87,5.82,6.01,NA,NA,NA,NA,NA
2013-09-28,5.2,5.33,5.17,NA,11.1244001570021,11.3215459318554,10.7571453536553,10.8858175339412
2013-09-29,5.35,5.15,4.96,NA,NA,NA,NA,NA
2013-09-30,5.66,5.55,5.43,NA,NA,NA,NA,NA
2013-10-01,5.49,5.54,5.54,NA,NA,NA,NA,NA
2013-10-02,5.32,5.26,5.4,NA,NA,NA,NA,NA
2013-10-03,6.25,6.07,5.32,NA,NA,NA,NA,NA
2013-10-04,5.74,6.89,7.86,NA,NA,NA,NA,NA
2013-10-05,5.95,6.36,6.88,NA,NA,NA,NA,NA
2013-10-06,5.28,5.15,5.39,NA,11.4857298218913,10.704520044883,10.9177612304603,11.1108805392131
2013-10-07,4.72,4.55,4.15,NA,NA,NA,NA,NA
2013-10-08,6.1,5.7,5.63,NA,NA,NA,NA,NA
2013-10-09,4.75,4.57,4.82,NA,NA,NA,NA,NA
2013-10-10,4.16,4.1,4.05,NA,NA,NA,NA,NA
2013-10-11,3.92,3.8,4.15,NA,NA,NA,NA,NA
2013-10-12,4.25,4.15,4.24,NA,NA,NA,NA,NA
2013-10-13,5.54,5.12,4.94,NA,NA,NA,NA,NA
2013-10-14,4.35,4.7,4.84,NA,10.409990888342,9.17095407341953,8.23631398324973,10.0160151189687
2013-10-15,4.88,4.69,4.69,NA,NA,NA,NA,NA
2013-10-16,4.67,4.79,5.03,NA,NA,NA,NA,NA
2013-10-17,4.28,3.86,4.1,NA,NA,NA,NA,NA
2013-10-18,4.26,4.27,4.24,NA,NA,NA,NA,NA
2013-10-19,4.44,4.16,4.24,NA,NA,NA,NA,NA
2013-10-20,4.63,4.34,4.08,NA,NA,NA,NA,NA
2013-10-21,4.13,4.12,4.47,NA,NA,NA,NA,NA
2013-10-22,4.13,3.86,3.99,NA,5.39256735764399,4.24864568924718,4.28150673130185,6.19593321055281
2013-10-23,3.52,3.34,3.85,NA,NA,NA,NA,NA
2013-10-24,3.8,3.44,3.78,NA,NA,NA,NA,NA
2013-10-25,4.07,3.56,3.71,NA,NA,NA,NA,NA
2013-10-26,3.55,3.35,3.13,NA,NA,NA,NA,NA
2013-10-27,5.41,5.01,4.39,NA,NA,NA,NA,NA
2013-10-28,4.05,3.86,4.73,NA,NA,NA,NA,NA
2013-10-29,3.67,2.8,2.74,NA,NA,NA,NA,NA
2013-10-30,3.45,3.36,3.1,NA,5.98809333292991,5.59953396293517,5.55948418934551,6.11572519556138
2013-10-31,3.45,3.23,3.36,NA,NA,NA,NA,NA
2013-11-01,3.52,3.35,3.5,NA,NA,NA,NA,NA
2013-11-02,3.74,3.41,3.44,NA,NA,NA,NA,NA
2013-11-03,4.5,4,3.44,NA,NA,NA,NA,NA
2013-11-04,3.89,4.02,3.27,NA,NA,NA,NA,NA
2013-11-05,4.21,3.67,4.78,NA,NA,NA,NA,NA
2013-11-06,3.56,3.48,3.56,NA,NA,NA,NA,NA
2013-11-07,3.53,3.49,3.43,NA,NA,NA,NA,NA
2013-11-08,3.53,3.08,3.23,NA,NA,NA,NA,NA
2013-11-09,3.15,2.79,3.17,NA,NA,NA,NA,NA
2013-11-10,3.26,2.94,2.99,NA,NA,NA,NA,NA
2013-11-11,3.75,3.59,3.39,NA,NA,NA,NA,NA
2013-11-12,3,2.91,2.83,NA,NA,NA,NA,NA
2013-11-13,3.28,3.28,3.29,NA,NA,NA,NA,NA
2013-11-14,3.23,3.05,3.27,NA,NA,NA,NA,NA
2013-11-15,3.59,3.81,3.73,NA,6.63606615418248,5.70533323178645,NA,6.55210836964345
2013-11-16,3.46,3.41,3.17,NA,NA,NA,NA,NA
2013-11-17,2.51,2.41,2.53,NA,NA,NA,NA,NA
2013-11-18,2.66,2.66,2.65,NA,NA,NA,NA,NA
2013-11-19,2.45,2.53,2.43,NA,NA,NA,NA,NA
2013-11-20,2.98,2.61,2.58,NA,NA,NA,NA,NA
2013-11-21,1.16,0.92,1.28,NA,NA,NA,NA,NA
2013-11-22,0.83,0.84,0.59,NA,NA,NA,NA,NA
2013-11-23,1.65,1.4,1.53,NA,NA,NA,NA,NA
2013-11-24,2.16,2.06,2.16,NA,NA,NA,NA,NA
2013-11-25,2.34,2.42,2.3,NA,NA,NA,NA,NA
2013-11-26,2.11,1.93,2.26,NA,NA,NA,NA,NA
2013-11-27,2.14,2.19,2.27,NA,NA,NA,NA,NA
2013-11-28,2.26,2.22,2.28,NA,NA,NA,NA,NA
2013-11-29,2.12,2.05,2.26,NA,NA,NA,NA,NA
2013-11-30,2.15,2.21,2.22,NA,NA,NA,NA,NA
2013-12-01,2.4,2.4,2.26,NA,NA,NA,NA,NA
2013-12-02,1.93,1.83,2.17,NA,NA,NA,NA,NA
2013-12-03,2.69,2.41,2.6,NA,NA,NA,NA,NA
2013-12-04,2.32,1.58,2.99,NA,NA,NA,NA,NA
2013-12-05,2.07,1.94,2,NA,NA,NA,NA,NA
2013-12-06,2.11,2.07,1.98,NA,NA,NA,NA,NA
2013-12-07,1.94,2.62,2.7,NA,NA,NA,NA,NA
2013-12-08,2.11,2.26,2.35,NA,NA,NA,NA,NA
2013-12-09,1.93,2.53,2.92,NA,4.32354761366997,4.15366032475859,3.92734408180963,3.84569511880679
2013-12-10,2.01,2.14,2.38,NA,NA,NA,NA,NA
2013-12-11,2.11,2.16,2.33,NA,NA,NA,NA,NA
2013-12-12,2.46,2.09,1.93,NA,NA,NA,NA,NA
2013-12-13,2.07,1.98,2.16,NA,NA,NA,NA,NA
2013-12-14,2.65,2.87,3.5,NA,NA,NA,NA,NA
2013-12-15,2.31,2.34,2.27,NA,NA,NA,NA,NA
2013-12-16,2.4,2.25,2.27,NA,NA,NA,NA,NA
2013-12-17,2.12,1.98,1.91,NA,NA,NA,NA,NA
2013-12-18,1.9,1.89,1.74,NA,NA,NA,NA,NA
2013-12-19,1.55,2.29,2.29,NA,NA,NA,NA,NA
2013-12-20,2.02,2.77,2.94,NA,NA,NA,NA,NA
2013-12-21,2.07,2.06,2.01,NA,NA,NA,NA,NA
2013-12-22,1.94,1.75,1.88,NA,NA,NA,NA,NA
2013-12-23,2.33,2.19,2.14,NA,NA,NA,NA,NA
2013-12-24,2.39,2.19,2.23,NA,NA,NA,NA,NA
2013-12-25,2.86,2.86,3.32,NA,6.58139902138655,5.6892254389305,5.61574650471347,5.99161146902082
2013-12-26,2.77,2.58,2.48,NA,NA,NA,NA,NA
2013-12-27,2.48,2.45,2.41,NA,NA,NA,NA,NA
2013-12-28,1.71,1.62,1.48,NA,NA,NA,NA,NA
2013-12-29,3.46,3.12,3.73,NA,NA,NA,NA,NA
2013-12-30,2.48,2.3,2.36,NA,NA,NA,NA,NA
2013-12-31,2.44,1.99,2.11,NA,NA,NA,NA,NA
2014-01-01,2.35,2.35,2.31,NA,NA,NA,NA,NA
2014-01-02,2.4,2.2,2.3,NA,6.05201854093759,NA,NA,5.52901548873652
2014-01-03,2.4,2.17,2.16,NA,NA,NA,NA,NA
2014-01-04,1.85,1.96,1.96,NA,NA,NA,NA,NA
2014-01-05,2.64,2.54,2.69,NA,NA,NA,NA,NA
2014-01-06,2.57,2.44,2.54,NA,NA,NA,NA,NA
2014-01-07,2.3,1.89,1.81,NA,NA,NA,NA,NA
2014-01-08,2.56,2.15,2.23,NA,NA,NA,NA,NA
2014-01-09,2.37,2.23,2.23,NA,NA,NA,NA,NA
2014-01-10,2.44,2.25,2.25,NA,4.4712810706624,3.67529303804724,3.22919806325479,4.33016615120184
2014-01-11,2.27,2.2,2.24,NA,NA,NA,NA,NA
2014-01-12,2.65,2.3,2.39,NA,NA,NA,NA,NA
2014-01-13,3.16,3,2.88,NA,NA,NA,NA,NA
2014-01-14,3.22,2.98,2.9,NA,NA,NA,NA,NA
2014-01-15,3.11,3.09,2.89,NA,NA,NA,NA,NA
2014-01-16,3.38,3.29,2.99,NA,NA,NA,NA,NA
2014-01-17,3.2,3.04,3.02,NA,NA,NA,NA,NA
2014-01-18,2.91,2.55,2.45,NA,8.62082533832542,NA,6.87457422018984,8.58759659013946
2014-01-19,1.94,1.46,1.45,NA,NA,NA,NA,NA
2014-01-20,2.77,2.48,2.64,NA,NA,NA,NA,NA
2014-01-21,2.37,2.4,2.36,NA,NA,NA,NA,NA
2014-01-22,3.02,2.92,2.83,NA,NA,NA,NA,NA
2014-01-23,2.71,2.38,2.62,NA,NA,NA,NA,NA
2014-01-24,1.92,1.77,1.54,NA,NA,NA,NA,NA
2014-01-25,2.68,2.84,2.77,NA,NA,NA,NA,NA
2014-01-26,2.77,2.49,2.55,NA,3.92941577445033,2.86641010498267,2.68731143820346,4.64955409470148
2014-01-27,2.79,2.87,3,NA,NA,NA,NA,NA
2014-01-28,2.79,2.74,2.83,NA,NA,NA,NA,NA
2014-01-29,2.93,3.07,3.02,NA,NA,NA,NA,NA
2014-01-30,2.7,3.28,3.2,NA,NA,NA,NA,NA
2014-01-31,2.01,2.75,3.06,NA,NA,NA,NA,NA
2014-02-01,3.35,2.93,3.54,NA,NA,NA,NA,NA
2014-02-02,2.7,2.45,2.67,NA,NA,NA,NA,NA
2014-02-03,2.64,2.78,2.72,NA,5.37545271880611,4.77940174795253,4.57293716560496,5.16140661112744
2014-02-04,2.65,2.79,2.75,NA,NA,NA,NA,NA
2014-02-05,2.85,2.64,2.79,NA,NA,NA,NA,NA
2014-02-06,2.7,2.69,2.75,NA,NA,NA,NA,NA
2014-02-07,2.81,2.71,2.39,NA,NA,NA,NA,NA
2014-02-08,2.83,2.78,2.82,NA,NA,NA,NA,NA
2014-02-09,3.38,2.91,2.93,NA,NA,NA,NA,NA
2014-02-10,3.77,3.46,3.56,NA,NA,NA,NA,NA
2014-02-11,3.62,3.55,3.89,NA,NA,NA,NA,NA
2014-02-12,3.65,3.29,3.41,NA,NA,NA,NA,NA
2014-02-13,3.64,3.41,3.47,NA,NA,NA,NA,NA
2014-02-14,3.79,3.54,3.69,NA,NA,NA,NA,NA
2014-02-15,3.56,3.36,3.35,NA,NA,NA,NA,NA
2014-02-16,2.23,2.23,2.01,NA,NA,NA,NA,NA
2014-02-17,4.54,4.05,3.76,NA,NA,NA,NA,NA
2014-02-18,3.47,3.45,3.33,NA,NA,NA,NA,NA
2014-02-19,3.77,3.65,3.46,NA,NA,NA,NA,NA
2014-02-20,3.88,3.6,4.7,NA,NA,NA,NA,NA
2014-02-21,3.7,3.42,3.27,NA,NA,NA,NA,NA
2014-02-22,3.05,2.76,2.66,NA,NA,NA,NA,NA
2014-02-23,3.42,2.91,3.63,NA,NA,NA,NA,NA
2014-02-24,3.49,3.22,3.42,NA,NA,NA,NA,NA
2014-02-25,3.13,3,3.01,NA,NA,NA,NA,NA
2014-02-26,3.81,3.78,3.29,NA,NA,NA,NA,NA
2014-02-27,4.37,4.38,3.89,NA,NA,NA,NA,NA
2014-02-28,2.84,3.63,3.2,NA,NA,NA,NA,NA
2014-03-01,2.32,1.9,2.13,NA,NA,NA,NA,NA
2014-03-02,2.86,2.91,2.8,NA,NA,NA,NA,NA
2014-03-03,3.59,3.54,3.58,NA,NA,NA,NA,NA
2014-03-04,4.2,4.05,3.87,NA,NA,NA,NA,NA
2014-03-05,4.34,4.26,4.16,NA,NA,NA,NA,NA
2014-03-06,5.06,4.71,4.11,NA,NA,NA,NA,NA
2014-03-07,5.16,4.88,5.28,NA,NA,NA,NA,NA
2014-03-08,6.24,6.16,6.68,NA,NA,NA,NA,NA
2014-03-09,5.27,5.29,5.5,NA,NA,NA,NA,NA
2014-03-10,5.55,5.1,4.69,NA,NA,NA,NA,NA
2014-03-11,4.39,4.8,5.46,NA,NA,NA,NA,NA
2014-03-12,5.04,4.83,4.76,NA,NA,NA,NA,NA
2014-03-13,4.62,4.31,4.02,NA,NA,NA,NA,NA
2014-03-14,5.74,5.7,5.17,NA,NA,NA,NA,NA
2014-03-15,6.2,5.94,6.16,NA,13.2471327644647,11.0959304753026,9.43294702970394,12.5502602780288
2014-03-16,5.42,5.29,5.29,NA,NA,NA,NA,NA
2014-03-17,7.32,7.08,5.55,NA,NA,NA,NA,NA
2014-03-18,5.15,5.48,6.3,NA,NA,NA,NA,NA
2014-03-19,5.29,4.97,5.34,NA,NA,NA,NA,NA
2014-03-20,4.53,4.39,4.23,NA,NA,NA,NA,NA
2014-03-21,5.63,5.27,5.05,NA,NA,NA,NA,NA
2014-03-22,5.47,4.82,4.85,NA,NA,NA,NA,NA
2014-03-23,4.9,4.64,4.78,NA,7.04090550249024,5.76638563503696,5.677784260253,7.2924474411657
2014-03-24,5.15,4.76,5.15,NA,NA,NA,NA,NA
2014-03-25,6.4,6.21,5.49,NA,NA,NA,NA,NA
2014-03-26,5.28,5.3,5.7,NA,NA,NA,NA,NA
2014-03-27,4.45,5.75,5.94,NA,NA,NA,NA,NA
2014-03-28,3.98,4.45,4.64,NA,NA,NA,NA,NA
2014-03-29,5.41,5.05,4.98,NA,NA,NA,NA,NA
2014-03-30,5.41,6.11,6.23,NA,NA,NA,NA,NA
2014-03-31,7.12,7,5.95,NA,11.8845665205057,10.480082359331,9.89962454984292,11.7522302444701
2014-04-01,4.6,6.21,4.92,NA,NA,NA,NA,NA
2014-04-02,4.27,4.7,5.45,NA,NA,NA,NA,NA
2014-04-03,4.92,4.54,4.99,NA,NA,NA,NA,NA
2014-04-04,4.84,5.79,5.2,NA,NA,NA,NA,NA
2014-04-05,4.97,5.53,5.64,NA,NA,NA,NA,NA
2014-04-06,5.09,6.4,6.5,NA,NA,NA,NA,NA
2014-04-07,5.71,5.89,5.99,NA,NA,NA,NA,NA
2014-04-08,6.07,5.74,5.91,NA,NA,NA,NA,NA
2014-04-09,6.21,5.86,5.36,NA,NA,NA,NA,NA
2014-04-10,5.98,5.86,5.71,NA,NA,NA,NA,NA
2014-04-11,6.56,7.25,6.09,NA,NA,NA,NA,NA
2014-04-12,5.1,9.38,6.86,NA,NA,NA,NA,NA
2014-04-13,5.91,6.02,5.49,NA,NA,NA,NA,NA
2014-04-14,6.35,6.71,7.62,NA,NA,NA,NA,NA
2014-04-15,6.7,6.04,NA,NA,NA,NA,NA,NA
2014-04-16,6.98,6.65,NA,NA,10.6360817300356,8.55472623968666,7.69936549938826,9.95939087626554
2014-04-17,4.52,6.05,NA,NA,NA,NA,NA,NA
2014-04-18,3.56,4,NA,NA,NA,NA,NA,NA
2014-04-19,5.62,5.4,NA,NA,NA,NA,NA,NA
2014-04-20,5.95,6.15,NA,NA,NA,NA,NA,NA
2014-04-21,6.18,7.12,NA,NA,NA,NA,NA,NA
2014-04-22,4.99,9.09,NA,NA,NA,NA,NA,NA
2014-04-23,5.11,6.26,NA,NA,NA,NA,NA,NA
2014-04-24,5.27,6.34,6.27,NA,8.23436703904978,NA,NA,7.46134286320862
2014-04-25,5.23,8.09,6.98,NA,NA,NA,NA,NA
2014-04-26,4.87,7.22,6.67,NA,NA,NA,NA,NA
2014-04-27,5.1,5.86,5.53,NA,NA,NA,NA,NA
2014-04-28,5.21,5.83,5.93,NA,NA,NA,NA,NA
2014-04-29,8.03,9.51,10.05,NA,NA,NA,NA,NA
2014-04-30,5.68,9.3,10.03,NA,NA,NA,NA,NA
2014-05-01,5.95,8.2,8.89,NA,NA,NA,NA,NA
2014-05-02,6.77,6.69,6.85,NA,NA,NA,NA,NA
2014-05-03,8.19,8.54,7.55,NA,NA,NA,NA,NA
2014-05-04,8.9,8.55,7.53,NA,NA,NA,NA,NA
2014-05-05,6.8,8.85,7.92,NA,NA,NA,NA,NA
2014-05-06,4.55,6.57,6.22,NA,NA,NA,NA,NA
2014-05-07,7.33,7.73,6.53,NA,NA,NA,NA,NA
2014-05-08,6.39,5.94,6.02,NA,NA,NA,NA,NA
2014-05-09,7.48,7.36,6.35,NA,NA,NA,NA,NA
2014-05-10,7.07,8.3,7.36,NA,11.718999370494,10.4395151485678,9.80349353629168,12.7878336681386
2014-05-11,6.12,8.15,8.49,NA,NA,NA,NA,NA
2014-05-12,7.24,6.56,7.58,NA,NA,NA,NA,NA
2014-05-13,6.42,7.76,9.36,NA,NA,NA,NA,NA
2014-05-14,6.25,7.09,9.17,NA,NA,NA,NA,NA
2014-05-15,5.95,6.32,7.5,NA,NA,NA,NA,NA
2014-05-16,8.06,8.2,7.18,NA,NA,NA,NA,NA
2014-05-17,7.79,10.1,7.97,NA,NA,NA,NA,NA
2014-05-18,7.8,10.09,8.07,NA,NA,NA,NA,NA
2014-05-19,6.42,12.45,8.92,NA,NA,NA,NA,NA
2014-05-20,8.55,9.9,8.55,NA,NA,NA,NA,NA
2014-05-21,7.61,7.01,6.81,NA,NA,NA,NA,NA
2014-05-22,5.82,6.41,6.71,NA,NA,NA,NA,NA
2014-05-23,6.73,6.61,6.66,NA,NA,NA,NA,NA
2014-05-24,7.13,7.14,6.96,NA,NA,NA,NA,NA
2014-05-25,7.12,6.81,7.06,NA,NA,NA,NA,NA
2014-05-26,7.84,7.97,7.78,NA,11.9495877146324,11.6442557363893,12.2092176605428,10.1699457262488
2014-05-27,8.34,8.77,8.4,NA,NA,NA,NA,NA
2014-05-28,6.48,6.56,5.88,NA,NA,NA,NA,NA
2014-05-29,8.38,7.82,7.64,NA,NA,NA,NA,NA
2014-05-30,7.9,8.05,7.7,NA,NA,NA,NA,NA
2014-05-31,10.89,10.03,8.35,NA,NA,NA,NA,NA
2014-06-01,10.23,8.77,7.91,NA,NA,NA,NA,NA
2014-06-02,10.34,9.89,8.25,NA,NA,NA,NA,NA
2014-06-03,8.45,8.38,6.82,NA,NA,NA,NA,NA
2014-06-04,11.04,10.94,8.69,NA,NA,NA,NA,NA
2014-06-05,9.55,9.86,8.36,NA,NA,NA,NA,NA
2014-06-06,10.75,10.82,8.11,NA,NA,NA,NA,NA
2014-06-07,8.81,8.66,7.83,NA,NA,NA,NA,NA
2014-06-08,7.46,7.92,7.69,NA,NA,NA,NA,NA
2014-06-09,8.55,9.76,8.65,NA,NA,NA,NA,NA
2014-06-10,8.7,10.02,9.19,NA,NA,NA,NA,NA
2014-06-11,11.09,10.41,8.21,NA,16.1263257315537,14.5326753108628,13.1399262796291,15.5541779337504
2014-06-12,10.98,9.79,7.89,NA,NA,NA,NA,NA
2014-06-13,12.16,11.68,8.54,NA,NA,NA,NA,NA
2014-06-14,11.29,9.58,8.31,NA,NA,NA,NA,NA
2014-06-15,10.88,9.78,7.93,NA,NA,NA,NA,NA
2014-06-16,12.12,10.4,9.37,NA,NA,NA,NA,NA
2014-06-17,12.67,11.61,9.81,NA,NA,NA,NA,NA
2014-06-18,9.98,8.88,7.92,NA,NA,NA,NA,NA
2014-06-19,8.05,7.48,7.98,NA,NA,NA,NA,NA
2014-06-20,8.8,8.81,8.25,NA,NA,NA,NA,NA
2014-06-21,9.27,9.63,8.91,NA,NA,NA,NA,NA
2014-06-22,10.37,10.02,8.27,NA,NA,NA,NA,NA
2014-06-23,9.75,8.81,8.29,NA,NA,NA,NA,NA
2014-06-24,8.5,8.68,8.41,NA,NA,NA,NA,NA
2014-06-25,8.23,8.16,7.98,NA,NA,NA,NA,NA
2014-06-26,9.31,9.5,8.53,NA,NA,NA,NA,NA
2014-06-27,9.68,9.29,7.76,NA,NA,NA,NA,NA
2014-06-28,8.66,8.9,8.02,NA,NA,NA,NA,NA
2014-06-29,7.46,9.03,8.31,NA,NA,NA,NA,NA
2014-06-30,7.48,8.7,8.21,NA,NA,NA,NA,NA
2014-07-01,7.88,9.42,8.78,NA,NA,NA,NA,NA
2014-07-02,7.46,8.72,8.53,NA,NA,NA,NA,NA
2014-07-03,7.8,8.96,8.7,NA,NA,NA,NA,NA
2014-07-04,6.87,7.54,7.85,NA,NA,NA,NA,NA
2014-07-05,7.52,7.7,7.66,NA,NA,NA,NA,NA
2014-07-06,7.95,7.79,7.57,NA,NA,NA,NA,NA
2014-07-07,8.48,8.49,7.89,NA,NA,NA,NA,NA
2014-07-08,7.57,7.43,7.5,NA,NA,NA,NA,NA
2014-07-09,7.52,8.47,7.86,NA,NA,NA,NA,NA
2014-07-10,9.24,9.11,7.97,NA,NA,NA,NA,NA
2014-07-11,8.62,8.18,7.72,NA,NA,NA,NA,NA
2014-07-12,6.48,7.57,6.53,NA,NA,NA,NA,NA
2014-07-13,8.26,9.15,8.62,NA,10.8682663203168,10.8036529022776,12.0732825928083,10.9513458181049
2014-07-14,5,7.33,6.79,NA,NA,NA,NA,NA
2014-07-15,7.5,7.98,7.47,NA,NA,NA,NA,NA
2014-07-16,9.83,10.46,8.48,NA,NA,NA,NA,NA
2014-07-17,9.93,10.22,8.47,NA,NA,NA,NA,NA
2014-07-18,8.31,7.87,7.41,NA,NA,NA,NA,NA
2014-07-19,7.45,8.24,7.27,NA,NA,NA,NA,NA
2014-07-20,7.65,7.48,7.3,NA,NA,NA,NA,NA
2014-07-21,8.39,7.42,7.32,NA,NA,NA,NA,NA
2014-07-22,8.33,7.87,7.3,NA,NA,NA,NA,NA
2014-07-23,8.67,8.28,7.79,NA,NA,NA,NA,NA
2014-07-24,9.91,9.26,8.35,NA,NA,NA,NA,NA
2014-07-25,7.3,9.23,8.28,NA,NA,NA,NA,NA
2014-07-26,6.99,7.91,7.35,NA,NA,NA,NA,NA
2014-07-27,4.9,4.84,5.1,NA,NA,NA,NA,NA
2014-07-28,7.36,7.51,7.11,NA,NA,NA,NA,NA
2014-07-29,8.05,8.37,7.45,NA,14.6368355111642,12.6599028166187,10.8443480073352,13.0903481100331
2014-07-30,8.04,7.93,7.53,NA,NA,NA,NA,NA
2014-07-31,7.22,8.21,7.68,NA,NA,NA,NA,NA
2014-08-01,7.69,9.56,8.4,NA,NA,NA,NA,NA
2014-08-02,5.54,3.37,4.32,NA,NA,NA,NA,NA
2014-08-03,5.98,5.84,5.27,NA,NA,NA,NA,NA
2014-08-04,6.76,6.55,6.07,NA,NA,NA,NA,NA
2014-08-05,8.72,8.11,7.2,NA,NA,NA,NA,NA
2014-08-06,8.72,8.44,7.37,NA,11.7980371447244,9.90898151737441,8.16774582725468,11.9665315447268
2014-08-07,7.91,7.91,6.98,NA,NA,NA,NA,NA
2014-08-08,7.37,8.36,7.61,NA,NA,NA,NA,NA
2014-08-09,7.13,7.81,7.23,NA,NA,NA,NA,NA
2014-08-10,6.77,7.18,7.26,NA,NA,NA,NA,NA
2014-08-11,7,7.62,6.67,NA,NA,NA,NA,NA
2014-08-12,5.78,6.19,6.04,NA,NA,NA,NA,NA
2014-08-13,6.33,6.35,6.87,NA,NA,NA,NA,NA
2014-08-14,7.01,7.49,7.19,NA,8.697171850004,8.7360538288834,9.68303725918209,7.92109860643642
2014-08-15,7.32,6.89,6.83,NA,NA,NA,NA,NA
2014-08-16,7.37,7.25,7,NA,NA,NA,NA,NA
2014-08-17,7.32,7.3,7.25,NA,NA,NA,NA,NA
2014-08-18,6.14,7.44,6.44,NA,NA,NA,NA,NA
2014-08-19,8.74,8.39,7.57,NA,NA,NA,NA,NA
2014-08-20,7.16,6.69,6.6,NA,NA,NA,NA,NA
2014-08-21,5.33,6.31,5.97,NA,NA,NA,NA,NA
2014-08-22,6.47,5.83,5.73,NA,8.81574977264414,7.72139099659098,6.81500783575704,9.0770996626044
2014-08-23,7.04,6.72,6.28,NA,NA,NA,NA,NA
2014-08-24,8.29,7.53,6.66,NA,NA,NA,NA,NA
2014-08-25,7.6,6.51,6.03,NA,NA,NA,NA,NA
2014-08-26,7.5,6.77,6.58,NA,NA,NA,NA,NA
2014-08-27,7.81,7.04,6.59,NA,NA,NA,NA,NA
2014-08-28,7.63,7.63,6.87,NA,NA,NA,NA,NA
2014-08-29,7.71,7.19,6.78,NA,NA,NA,NA,NA
2014-08-30,8.38,8.2,7.69,NA,11.7998641604432,10.039506932559,9.59089474796006,12.6846051764085
2014-08-31,8.28,7.67,7.22,NA,NA,NA,NA,NA
2014-09-01,7.68,6.96,6.83,NA,NA,NA,NA,NA
2014-09-02,7.33,6.94,6.92,NA,NA,NA,NA,NA
2014-09-03,7.38,6.61,6.46,NA,NA,NA,NA,NA
2014-09-04,6.93,6.28,6.63,NA,NA,NA,NA,NA
2014-09-05,6.13,7.14,6.37,NA,NA,NA,NA,NA
2014-09-06,6.16,6.77,6.09,NA,NA,NA,NA,NA
2014-09-07,3.28,4.78,5.17,NA,NA,NA,NA,NA
2014-09-08,5.68,5.74,5.05,NA,NA,NA,NA,NA
2014-09-09,5.06,5.03,5.07,NA,NA,NA,NA,NA
2014-09-10,5.35,5.7,5.64,NA,NA,NA,NA,NA
2014-09-11,5.93,5.93,5.89,NA,NA,NA,NA,NA
2014-09-12,6.21,6.33,6.16,NA,NA,NA,NA,NA
2014-09-13,6.78,6.71,6.32,NA,NA,NA,NA,NA
2014-09-14,5.89,6.4,6.07,NA,NA,NA,NA,NA
2014-09-15,6.02,6.48,6.21,NA,10.9655921521257,10.775955106899,11.3764921125378,9.79417705105009
2014-09-16,6.14,6.09,6.66,NA,NA,NA,NA,NA
2014-09-17,5.14,5.25,5.38,NA,NA,NA,NA,NA
2014-09-18,8.04,8.13,6.94,NA,NA,NA,NA,NA
2014-09-19,6.64,6.34,5.7,NA,NA,NA,NA,NA
2014-09-20,6.01,5.64,5.43,NA,NA,NA,NA,NA
2014-09-21,5.87,5.56,5.44,NA,NA,NA,NA,NA
2014-09-22,5.8,5.81,5.67,NA,NA,NA,NA,NA
2014-09-23,5.81,5.44,5.45,NA,NA,NA,NA,NA
2014-09-24,6.09,5.84,5.74,NA,NA,NA,NA,NA
2014-09-25,6.47,6.8,6.38,NA,NA,NA,NA,NA
2014-09-26,5.42,4.12,5.23,NA,NA,NA,NA,NA
2014-09-27,9.88,8.87,7.86,NA,NA,NA,NA,NA
2014-09-28,6.69,5.65,5.64,NA,NA,NA,NA,NA
2014-09-29,5.1,4.82,4.85,NA,NA,NA,NA,NA
2014-09-30,5.27,5.1,5.12,NA,NA,NA,NA,NA
2014-10-01,5.38,4.85,5.09,NA,8.17296145683705,NA,7.58230872059731,8.18814308034146
2014-10-02,5.58,6.41,7.4,NA,NA,NA,NA,NA
2014-10-03,5.84,5.52,5.21,NA,NA,NA,NA,NA
2014-10-04,5.51,5.44,5.41,NA,NA,NA,NA,NA
2014-10-05,5.37,4.85,5.08,NA,NA,NA,NA,NA
2014-10-06,4.14,3.89,4.06,NA,NA,NA,NA,NA
2014-10-07,2.72,2.05,2.08,NA,NA,NA,NA,NA
2014-10-08,3.74,4.02,3.51,NA,NA,NA,NA,NA
2014-10-09,4.53,4.55,4.2,NA,6.27161022881493,5.71480505234145,5.56010192156217,5.69099802207419
2014-10-10,4.5,4.31,4.07,NA,NA,NA,NA,NA
2014-10-11,4.87,4.19,3.97,NA,NA,NA,NA,NA
2014-10-12,4.75,4.46,4.58,NA,NA,NA,NA,NA
2014-10-13,5.34,5.12,5.53,NA,NA,NA,NA,NA
2014-10-14,4.83,4.28,4.39,NA,NA,NA,NA,NA
2014-10-15,4.56,4.06,3.5,NA,NA,NA,NA,NA
2014-10-16,4.18,3.58,3.84,NA,NA,NA,NA,NA
2014-10-17,4.47,4.02,3.76,NA,NA,NA,NA,NA
2014-10-18,4.57,3.83,3.94,NA,NA,NA,NA,NA
2014-10-19,4.32,3.97,3.99,NA,NA,NA,NA,NA
2014-10-20,4.15,3.75,3.8,NA,NA,NA,NA,NA
2014-10-21,4.67,4.08,3.88,NA,NA,NA,NA,NA
2014-10-22,4.31,3.87,3.86,NA,NA,NA,NA,NA
2014-10-23,4.25,3.76,3.84,NA,NA,NA,NA,NA
2014-10-24,4.33,3.82,3.95,NA,NA,NA,NA,NA
2014-10-25,4.52,4,3.92,NA,NA,NA,NA,NA
2014-10-26,5.47,4.51,3.09,NA,NA,NA,NA,NA
2014-10-27,4.18,3.63,3.62,NA,NA,NA,NA,NA
2014-10-28,3.77,3.42,3.65,NA,NA,NA,NA,NA
2014-10-29,3.99,3.6,3.71,NA,NA,NA,NA,NA
2014-10-30,3.98,3.4,3.51,NA,NA,NA,NA,NA
2014-10-31,4.42,3.91,3.97,NA,NA,NA,NA,NA
2014-11-01,5.23,5.58,3.76,NA,NA,NA,NA,NA
2014-11-02,4.22,3.62,3.51,NA,8.44700776811635,7.531209555202,6.88459107901058,8.95384425456994
2014-11-03,4.65,4.53,4.63,NA,NA,NA,NA,NA
2014-11-04,5.26,4.77,5.43,NA,NA,NA,NA,NA
2014-11-05,4.76,4.57,4.96,NA,NA,NA,NA,NA
2014-11-06,3.92,3.67,3.72,NA,NA,NA,NA,NA
2014-11-07,3.56,3.23,3.47,NA,NA,NA,NA,NA
2014-11-08,3.53,3.08,3.35,NA,NA,NA,NA,NA
2014-11-09,3.75,3.21,3.41,NA,NA,NA,NA,NA
2014-11-10,3.88,3.32,3.25,NA,NA,NA,NA,NA
2014-11-11,3.56,2.92,2.95,NA,NA,NA,NA,NA
2014-11-12,3.32,3.23,3.09,NA,NA,NA,NA,NA
2014-11-13,2.91,2.52,2.62,NA,NA,NA,NA,NA
2014-11-14,3.8,2.59,2.26,NA,NA,NA,NA,NA
2014-11-15,4.1,3.1,2.86,NA,NA,NA,NA,NA
2014-11-16,4.74,4.23,4.87,NA,NA,NA,NA,NA
2014-11-17,3.3,2.98,3.27,NA,NA,NA,NA,NA
2014-11-18,2.94,2.52,2.75,NA,7.62547236519202,6.85143086956179,7.0898109848977,7.3643170146643
2014-11-19,2.97,2.45,2.67,NA,NA,NA,NA,NA
2014-11-20,3.27,2.71,2.66,NA,NA,NA,NA,NA
2014-11-21,3.07,2.73,2.5,NA,NA,NA,NA,NA
2014-11-22,3.57,2.85,2.79,NA,NA,NA,NA,NA
2014-11-23,4.05,3.56,3.99,NA,NA,NA,NA,NA
2014-11-24,3.27,3.09,3.03,NA,NA,NA,NA,NA
2014-11-25,3.15,2.63,2.88,NA,NA,NA,NA,NA
2014-11-26,2.91,2.55,2.66,NA,6.4267837840408,5.08629501440435,4.77267316288594,6.1887298542131
2014-11-27,2.92,2.56,2.69,NA,NA,NA,NA,NA
2014-11-28,2.99,2.56,2.63,NA,NA,NA,NA,NA
2014-11-29,2.64,2.4,2.51,NA,NA,NA,NA,NA
2014-11-30,3.64,3.23,2.49,NA,NA,NA,NA,NA
2014-12-01,2,1.72,1.62,NA,NA,NA,NA,NA
2014-12-02,0.89,0.75,0.62,NA,NA,NA,NA,NA
2014-12-03,0.6,0.63,0.58,NA,NA,NA,NA,NA
2014-12-04,1.54,1.18,1.04,NA,NA,NA,NA,NA
2014-12-05,1.03,1.18,1.29,NA,NA,NA,NA,NA
2014-12-06,2.1,2.03,1.86,NA,NA,NA,NA,NA
2014-12-07,2.45,2.26,2.17,NA,NA,NA,NA,NA
2014-12-08,1.8,1.59,1.38,NA,NA,NA,NA,NA
2014-12-09,2.67,2.41,2.26,NA,NA,NA,NA,NA
2014-12-10,2.56,2.29,2.05,NA,NA,NA,NA,NA
2014-12-11,1.73,2.19,1.76,NA,NA,NA,NA,NA
2014-12-12,0.77,0.68,0.52,NA,NA,NA,NA,NA
2014-12-13,3.14,2.79,2.3,NA,NA,NA,NA,NA
2014-12-14,2.22,1.95,1.96,NA,NA,NA,NA,NA
2014-12-15,1.68,1.48,1.53,NA,NA,NA,NA,NA
2014-12-16,1.16,1.19,1.1,NA,NA,NA,NA,NA
2014-12-17,1.14,1.3,1.29,NA,NA,NA,NA,NA
2014-12-18,2.19,1.88,1.62,NA,NA,NA,NA,NA
2014-12-19,1.87,1.8,1.66,NA,NA,NA,NA,NA
2014-12-20,1.43,1.41,1.24,NA,NA,NA,NA,NA
2014-12-21,1.77,1.58,1.36,NA,NA,NA,NA,NA
2014-12-22,2.2,2.05,1.89,NA,NA,NA,NA,NA
2014-12-23,3.42,3.76,4.23,NA,NA,NA,NA,NA
2014-12-24,2.56,2.61,2.12,NA,NA,NA,NA,NA
2014-12-25,3.56,2.54,2.75,NA,NA,NA,NA,NA
2014-12-26,2.95,2.54,2.44,NA,NA,NA,NA,NA
2014-12-27,3.13,2.66,2.47,NA,NA,NA,NA,NA
2014-12-28,2.06,1.69,1.71,NA,NA,NA,NA,NA
2014-12-29,2.19,1.94,1.84,NA,NA,NA,NA,NA
2014-12-30,2.27,2.08,1.87,NA,NA,NA,NA,NA
2014-12-31,1.68,1.64,1.89,NA,NA,NA,NA,NA
2015-01-01,1.78,1.61,1.68,NA,NA,NA,NA,NA
2015-01-02,2.02,1.88,1.78,NA,NA,NA,NA,NA
2015-01-03,2,1.88,1.86,NA,NA,NA,NA,NA
2015-01-04,2.07,2.01,1.96,NA,NA,NA,NA,NA
2015-01-05,2.43,2.32,2.32,NA,4.8572415255028,4.61683290013629,4.81921134118433,4.43587734446727
2015-01-06,2.62,2.36,2.35,NA,NA,NA,NA,NA
2015-01-07,2.22,2.22,2.1,NA,NA,NA,NA,NA
2015-01-08,1.81,1.62,1.59,NA,NA,NA,NA,NA
2015-01-09,2.39,2.22,2.33,NA,NA,NA,NA,NA
2015-01-10,2.27,2.29,2.24,NA,NA,NA,NA,NA
2015-01-11,1.47,1.27,1.43,NA,NA,NA,NA,NA
2015-01-12,1.91,1.84,1.68,NA,NA,NA,NA,NA
2015-01-13,2.92,2.73,2.82,NA,NA,NA,NA,NA
2015-01-14,3.13,2.75,2.7,NA,NA,NA,NA,NA
2015-01-15,2.67,2.54,2.45,NA,NA,NA,NA,NA
2015-01-16,2.84,2.61,2.49,NA,NA,NA,NA,NA
2015-01-17,2.76,2.53,2.49,NA,NA,NA,NA,NA
2015-01-18,2.65,2.37,2.23,NA,NA,NA,NA,NA
2015-01-19,2.89,2.54,2.55,NA,NA,NA,NA,NA
2015-01-20,2.86,2.42,2.63,NA,NA,NA,NA,NA
2015-01-21,3.85,3.7,4.19,NA,7.63664411330366,6.70740195914401,6.31301598290355,7.25037448917036
2015-01-22,3.43,3.43,3.8,NA,NA,NA,NA,NA
2015-01-23,2.37,2.2,1.89,NA,NA,NA,NA,NA
2015-01-24,4.13,3.74,3.89,NA,NA,NA,NA,NA
2015-01-25,3.47,2.97,2.44,NA,NA,NA,NA,NA
2015-01-26,1.01,0.73,0.41,NA,NA,NA,NA,NA
2015-01-27,1.36,1.34,1.54,NA,NA,NA,NA,NA
2015-01-28,1.89,1.77,1.78,NA,NA,NA,NA,NA
2015-01-29,1.46,1.32,1.17,NA,NA,NA,NA,NA
2015-01-30,1.64,1.67,1.7,NA,NA,NA,NA,NA
2015-01-31,2.59,2.35,2.19,NA,NA,NA,NA,NA
2015-02-01,3.17,2.94,3.06,NA,NA,NA,NA,NA
2015-02-02,3.09,2.78,2.86,NA,NA,NA,NA,NA
2015-02-03,3.15,2.97,3.04,NA,NA,NA,NA,NA
2015-02-04,3.29,3.08,3.1,NA,NA,NA,NA,NA
2015-02-05,3.18,3.12,3.05,NA,NA,NA,NA,NA
2015-02-06,3.44,3.23,3.11,NA,NA,NA,NA,NA
2015-02-07,3.94,3.26,3.2,NA,NA,NA,NA,NA
2015-02-08,3.34,3.22,3.21,NA,NA,NA,NA,NA
2015-02-09,3.77,3.52,3.35,NA,NA,NA,NA,NA
2015-02-10,4.46,3.87,3.66,NA,NA,NA,NA,NA
2015-02-11,4.79,4.46,4.58,NA,NA,NA,NA,NA
2015-02-12,4.5,4.14,4.39,NA,NA,NA,NA,NA
2015-02-13,3.84,3.5,3.67,NA,NA,NA,NA,NA
2015-02-14,3.85,3.57,3.37,NA,NA,NA,NA,NA
2015-02-15,3.51,3.27,3.18,NA,NA,NA,NA,NA
2015-02-16,3.36,2.96,2.61,NA,NA,NA,NA,NA
2015-02-17,3.33,3.03,3.25,NA,NA,NA,NA,NA
2015-02-18,3.5,3.2,3.34,NA,NA,NA,NA,NA
2015-02-19,3.8,3.32,3.35,NA,NA,NA,NA,NA
2015-02-20,3.17,2.81,2.65,NA,NA,NA,NA,NA
2015-02-21,3.96,3.4,2.89,NA,NA,NA,NA,NA
2015-02-22,5.16,4.87,3.76,NA,NA,NA,NA,NA
2015-02-23,5.36,4.23,4,NA,NA,NA,NA,NA
2015-02-24,5.16,4.39,4.61,NA,NA,NA,NA,NA
2015-02-25,4.18,3.79,3.7,NA,NA,NA,NA,NA
2015-02-26,4.29,3.75,3.9,NA,4.3884535212464,3.97063016246736,4.3170274464288,4.01067485681082
2015-02-27,5.92,4.97,4.07,NA,NA,NA,NA,NA
2015-02-28,6.01,5.6,4.05,NA,NA,NA,NA,NA
2015-03-01,0.47,0.43,0.35,NA,NA,NA,NA,NA
2015-03-02,3.34,2.41,2.1,NA,NA,NA,NA,NA
2015-03-03,3.5,3.11,3.2,NA,NA,NA,NA,NA
2015-03-04,4.37,3.72,3.41,NA,NA,NA,NA,NA
2015-03-05,4.3,4.02,3.53,NA,NA,NA,NA,NA
2015-03-06,5.7,5.34,3.89,NA,NA,NA,NA,NA
2015-03-07,5.05,4.63,3.88,NA,NA,NA,NA,NA
2015-03-08,5.07,4.39,3.89,NA,NA,NA,NA,NA
2015-03-09,4.88,4.46,3.91,NA,NA,NA,NA,NA
2015-03-10,5.31,4.7,4.06,NA,6.39883907450677,4.85027835648764,5.64773305161849,6.60311272770804
2015-03-11,4.34,3.82,3.12,NA,NA,NA,NA,NA
2015-03-12,6.38,5.6,4.17,NA,NA,NA,NA,NA
2015-03-13,6.73,6.45,4.33,NA,NA,NA,NA,NA
2015-03-14,5.39,5.15,4.35,NA,NA,NA,NA,NA
2015-03-15,5.49,6.14,4.26,NA,NA,NA,NA,NA
2015-03-16,5.6,5.09,4.21,NA,NA,NA,NA,NA
2015-03-17,6.48,5.62,3.99,NA,NA,NA,NA,NA
2015-03-18,4.43,4.34,3.93,NA,NA,NA,NA,NA
2015-03-19,3.81,3.15,2.68,NA,NA,NA,NA,NA
2015-03-20,4.72,4.35,4.14,NA,NA,NA,NA,NA
2015-03-21,6.67,5.78,4.44,NA,NA,NA,NA,NA
2015-03-22,7.19,6.28,4.41,NA,NA,NA,NA,NA
2015-03-23,7.31,6.09,4.53,NA,NA,NA,NA,NA
2015-03-24,6.01,5.35,4.37,NA,NA,NA,NA,NA
2015-03-25,6.82,6.48,4.73,NA,NA,NA,NA,NA
2015-03-26,6.57,5.99,4.82,NA,NA,NA,NA,NA
2015-03-27,6.21,5.55,4.87,NA,NA,NA,NA,NA
2015-03-28,7,6.17,4.94,NA,NA,NA,NA,NA
2015-03-29,6.06,5.98,4,NA,NA,NA,NA,NA
2015-03-30,6.32,5.96,4.9,NA,NA,NA,NA,NA
2015-03-31,7.81,7.02,4.92,NA,NA,NA,NA,NA
2015-04-01,7.58,6.59,4.95,NA,NA,NA,NA,NA
2015-04-02,7.28,5.79,4.78,NA,NA,NA,NA,NA
2015-04-03,6.42,6.16,5.09,NA,12.3907387659281,11.4115782867966,10.8208076619941,11.5847262388908
2015-04-04,6.96,6.26,4.98,NA,NA,NA,NA,NA
2015-04-05,8.41,7.39,4.89,NA,NA,NA,NA,NA
2015-04-06,8.03,7.49,4.95,NA,NA,NA,NA,NA
2015-04-07,7.65,7.17,4.54,NA,NA,NA,NA,NA
2015-04-08,6.35,5.79,4.99,NA,NA,NA,NA,NA
2015-04-09,6.02,5.4,5.12,NA,NA,NA,NA,NA
2015-04-10,6.34,5.53,4.97,NA,NA,NA,NA,NA
2015-04-11,6.31,5.51,5,NA,2.13832583069347,7.64235732137071,6.46757279471111,8.15127710049691
2015-04-12,5.92,5.52,5.05,NA,NA,NA,NA,NA
2015-04-13,6.45,5.97,5.3,NA,NA,NA,NA,NA
2015-04-14,8.25,7.44,5.32,NA,NA,NA,NA,NA
2015-04-15,6.36,6.77,5.3,NA,NA,NA,NA,NA
2015-04-16,5.93,5.81,5.36,NA,NA,NA,NA,NA
2015-04-17,6.51,5.86,5.92,NA,NA,NA,NA,NA
2015-04-18,7.29,6.55,5.96,NA,NA,NA,NA,NA
2015-04-19,7.31,6.64,5.99,NA,NA,NA,NA,NA
2015-04-20,7.41,6.88,6.05,NA,NA,NA,NA,NA
2015-04-21,7.06,6.02,5.83,NA,NA,NA,NA,NA
2015-04-22,6.75,6.17,5.72,NA,NA,NA,NA,NA
2015-04-23,5.86,6.03,5.68,NA,NA,NA,NA,NA
2015-04-24,7.25,7.07,5.94,NA,NA,NA,NA,NA
2015-04-25,5.95,6.08,4.31,NA,NA,NA,NA,NA
2015-04-26,6.89,7.15,6.84,NA,NA,NA,NA,NA
2015-04-27,7.36,7.54,7.69,NA,13.0669816082586,NA,2.09933261105429,24.1732976183782
2015-04-28,7.04,6.9,6.79,NA,NA,NA,NA,NA
2015-04-29,7.23,6.88,6.8,NA,NA,NA,NA,NA
2015-04-30,7.79,7.34,6.81,NA,NA,NA,NA,NA
2015-05-01,8.01,7.42,6.89,NA,NA,NA,NA,NA
2015-05-02,7.95,7.64,7.53,NA,NA,NA,NA,NA
2015-05-03,7.68,7.04,7.01,NA,NA,NA,NA,NA
2015-05-04,7.02,6.5,6.47,NA,NA,NA,NA,NA
2015-05-05,7.31,6.02,6.56,NA,11.5682326772511,10.5235738450881,9.43737598560459,11.8145516334332
2015-05-06,7.83,7.25,6.46,NA,NA,NA,NA,NA
2015-05-07,7.91,7.81,6.81,NA,NA,NA,NA,NA
2015-05-08,6.43,6.23,4.33,NA,NA,NA,NA,NA
2015-05-09,6.42,5.91,6.01,NA,NA,NA,NA,NA
2015-05-10,6.57,6.18,6.34,NA,NA,NA,NA,NA
2015-05-11,7.87,6.94,7.08,NA,NA,NA,NA,NA
2015-05-12,8.47,7.43,7.21,NA,NA,NA,NA,NA
2015-05-13,7.83,6.64,6.16,NA,NA,NA,NA,NA
2015-05-14,6.95,7.33,5.36,NA,NA,NA,NA,NA
2015-05-15,2.64,4.49,3.25,NA,NA,NA,NA,NA
2015-05-16,6.1,5.27,5.31,NA,NA,NA,NA,NA
2015-05-17,6.09,6.13,6.14,NA,NA,NA,NA,NA
2015-05-18,8.64,8.03,6.95,NA,NA,NA,NA,NA
2015-05-19,7.75,6.94,6.4,NA,NA,NA,NA,NA
2015-05-20,7.43,6.92,6.56,NA,NA,NA,NA,NA
2015-05-21,8.61,8.86,6.93,NA,NA,NA,NA,NA
2015-05-22,8.51,8.52,7.08,NA,NA,NA,NA,NA
2015-05-23,7.87,7.46,6.48,NA,NA,NA,NA,NA
2015-05-24,7.18,6.75,6.31,NA,NA,NA,NA,NA
2015-05-25,7.36,7.46,6.99,NA,NA,NA,NA,NA
2015-05-26,6.9,6.86,6.92,NA,NA,NA,NA,NA
2015-05-27,7.06,6.7,7,NA,NA,NA,NA,NA
2015-05-28,7.45,7.46,7.57,NA,NA,NA,NA,NA
2015-05-29,6.76,7.77,7.95,NA,NA,NA,NA,NA
2015-05-30,7.32,7.69,7.63,NA,NA,NA,NA,NA
2015-05-31,8.15,8.53,8.04,NA,NA,NA,NA,NA
2015-06-01,11.37,10.93,8.88,NA,NA,NA,NA,NA
2015-06-02,11.63,12.49,9,NA,NA,NA,NA,NA
2015-06-03,12.01,12.79,8.83,NA,NA,NA,NA,NA
2015-06-04,10.16,9.78,7.25,NA,NA,NA,NA,NA
2015-06-05,8.79,8.56,7.62,NA,NA,NA,NA,NA
2015-06-06,7.59,7.28,7.12,NA,12.5120091744431,11.1853995813415,10.073114345643,12.8027155490288
2015-06-07,7.41,7.57,7.93,NA,NA,NA,NA,NA
2015-06-08,6.66,6.94,7.26,NA,NA,NA,NA,NA
2015-06-09,4.43,3.1,3.19,NA,NA,NA,NA,NA
2015-06-10,8.33,7.84,7.08,NA,NA,NA,NA,NA
2015-06-11,8.22,7.72,6.92,NA,NA,NA,NA,NA
2015-06-12,7.9,7.84,7.59,NA,NA,NA,NA,NA
2015-06-13,8.19,8.62,8.31,NA,NA,NA,NA,NA
2015-06-14,8.01,8.4,8.35,NA,13.4464299880849,13.2013471844414,NA,11.4930992032559
2015-06-15,8.31,8.55,8.68,NA,NA,NA,NA,NA
2015-06-16,8.9,9.09,8.59,NA,NA,NA,NA,NA
2015-06-17,9.23,8.94,8.22,NA,NA,NA,NA,NA
2015-06-18,11.64,10.06,9.13,NA,NA,NA,NA,NA
2015-06-19,12.78,9.94,8.03,NA,NA,NA,NA,NA
2015-06-20,9.08,9.75,8.9,NA,NA,NA,NA,NA
2015-06-21,7.75,8.24,7.74,NA,NA,NA,NA,NA
2015-06-22,8.71,8.47,8.39,NA,15.0703579869114,13.940777098916,14.5519059035036,13.0690497594994
2015-06-23,8.83,7.93,7.69,NA,NA,NA,NA,NA
2015-06-24,9.02,8.76,8.12,NA,NA,NA,NA,NA
2015-06-25,7.96,8.68,7.56,NA,NA,NA,NA,NA
2015-06-26,4.12,4.96,4.4,NA,NA,NA,NA,NA
2015-06-27,5.41,5.87,6.04,NA,NA,NA,NA,NA
2015-06-28,4.82,5.95,5.6,NA,NA,NA,NA,NA
2015-06-29,6.2,7.98,6.84,NA,NA,NA,NA,NA
2015-06-30,6.21,7.22,7.24,NA,NA,NA,NA,NA
2015-07-01,5.84,5.07,4.73,NA,NA,NA,NA,NA
2015-07-02,8.52,7.89,7.85,NA,NA,NA,NA,NA
2015-07-03,7.89,6.74,6.69,NA,NA,NA,NA,NA
2015-07-04,9.36,9.97,8.31,NA,NA,NA,NA,NA
2015-07-05,8.31,9.4,8.5,NA,NA,NA,NA,NA
2015-07-06,7.54,8.96,8.53,NA,NA,NA,NA,NA
2015-07-07,8.76,8.31,8.47,NA,NA,NA,NA,NA
2015-07-08,11.84,11.19,9.05,NA,NA,NA,NA,NA
2015-07-09,9.09,9.09,7.38,NA,NA,NA,NA,NA
2015-07-10,8.04,7.21,6.86,NA,NA,NA,NA,NA
2015-07-11,6.02,6.93,6.34,NA,NA,NA,NA,NA
2015-07-12,7.21,7.21,7.44,NA,NA,NA,NA,NA
2015-07-13,9.16,8.34,7.84,NA,NA,NA,NA,NA
2015-07-14,10.16,9.02,7.96,NA,NA,NA,NA,NA
2015-07-15,8.98,8.67,7.91,NA,NA,NA,NA,NA
2015-07-16,8.11,7.51,7.62,NA,11.4735315797445,10.1674380399444,NA,11.2777134100977
2015-07-17,6.79,7.84,7.84,NA,NA,NA,NA,NA
2015-07-18,4.07,5.42,5.54,NA,NA,NA,NA,NA
2015-07-19,5.27,5.56,5.69,NA,NA,NA,NA,NA
2015-07-20,6.75,6.57,6.68,NA,NA,NA,NA,NA
2015-07-21,7.65,7.03,7.55,NA,NA,NA,NA,NA
2015-07-22,8.47,7.9,7.68,NA,NA,NA,NA,NA
2015-07-23,8.8,7.37,7.37,NA,NA,NA,NA,NA
2015-07-24,8.44,7.24,7.57,NA,NA,NA,NA,NA
2015-07-25,10.05,9.2,8.63,NA,NA,NA,NA,NA
2015-07-26,12.46,11.41,9.12,NA,NA,NA,NA,NA
2015-07-27,9.03,8.11,7.48,NA,NA,NA,NA,NA
2015-07-28,7.46,7.68,7.46,NA,NA,NA,NA,NA
2015-07-29,6.03,5.93,5.77,NA,NA,NA,NA,NA
2015-07-30,6.87,7.65,7.76,NA,NA,NA,NA,NA
2015-07-31,7.87,7.65,7.31,NA,NA,NA,NA,NA
2015-08-01,7.94,6.83,7.12,NA,NA,NA,NA,NA
2015-08-02,8.35,7.72,7.58,NA,NA,NA,NA,NA
2015-08-03,8.73,8.36,7.99,NA,NA,NA,NA,NA
2015-08-04,8.04,7.52,7.59,NA,NA,NA,NA,NA
2015-08-05,8.93,8.85,8.01,NA,NA,NA,NA,NA
2015-08-06,7.52,7.5,6.85,NA,NA,NA,NA,NA
2015-08-07,13.1,11.02,8.1,NA,NA,NA,NA,NA
2015-08-08,8.98,7.74,7.46,NA,NA,NA,NA,NA
2015-08-09,7.89,7.96,7.2,NA,NA,NA,NA,NA
2015-08-10,7.2,8.1,7.58,NA,NA,NA,NA,NA
2015-08-11,8.01,9.17,8.39,NA,NA,NA,NA,NA
2015-08-12,6.67,7.18,6.84,NA,NA,NA,NA,NA
2015-08-13,7.77,8.2,7.25,NA,NA,NA,NA,NA
2015-08-14,8.47,7.84,7.14,NA,NA,NA,NA,NA
2015-08-15,8.56,8.3,7.17,NA,NA,NA,NA,NA
2015-08-16,8.73,9.17,8.41,NA,NA,NA,NA,NA
2015-08-17,8.66,8.17,5.9,NA,14.2110449597034,13.1229262421759,14.131772581923,12.9283569984275
2015-08-18,10.01,9.77,7.92,NA,NA,NA,NA,NA
2015-08-19,8.51,7.84,7.68,NA,NA,NA,NA,NA
2015-08-20,7.29,7.9,7.58,NA,NA,NA,NA,NA
2015-08-21,7.48,8.43,7.36,NA,NA,NA,NA,NA
2015-08-22,7.01,7.88,7.02,NA,NA,NA,NA,NA
2015-08-23,6.68,7.26,6.74,NA,NA,NA,NA,NA
2015-08-24,6.34,7.08,6.74,NA,NA,NA,NA,NA
2015-08-25,3.77,4.38,2.95,NA,NA,NA,NA,NA
2015-08-26,6.29,6.42,6.2,NA,NA,NA,NA,NA
2015-08-27,6.09,6.01,5.92,NA,NA,NA,NA,NA
2015-08-28,7.08,7.23,6.79,NA,NA,NA,NA,NA
2015-08-29,8.42,8.15,7.36,NA,NA,NA,NA,NA
2015-08-30,9.56,9.82,7.7,NA,NA,NA,NA,NA
2015-08-31,7.7,7.45,6.81,NA,NA,NA,NA,NA
2015-09-01,6.34,7.51,6.98,NA,NA,NA,NA,NA
2015-09-02,6.84,5.99,5.86,NA,NA,NA,NA,NA
2015-09-03,7.74,6.78,6.72,NA,NA,NA,NA,NA
2015-09-04,7.16,6.78,6.58,NA,NA,NA,NA,NA
2015-09-05,6.32,6.82,6.52,NA,NA,NA,NA,NA
2015-09-06,6.3,6.4,6.38,NA,NA,NA,NA,NA
2015-09-07,6.12,6.2,5.54,NA,NA,NA,NA,NA
2015-09-08,5.63,5.93,5.78,NA,NA,NA,NA,NA
2015-09-09,3.61,2.93,2.98,NA,NA,NA,NA,NA
2015-09-10,3.75,3.26,2.75,NA,NA,NA,NA,NA
2015-09-11,6.56,6.02,5.46,NA,NA,NA,NA,NA
2015-09-12,4.55,3.79,3.83,NA,NA,NA,NA,NA
2015-09-13,6.52,6.46,6.38,NA,NA,NA,NA,NA
2015-09-14,7.93,6.74,6.63,NA,NA,NA,NA,NA
2015-09-15,6.44,6.32,5.87,NA,NA,NA,NA,NA
2015-09-16,8.44,6.87,6.71,NA,NA,NA,NA,NA
2015-09-17,6.12,6.06,5.41,NA,NA,NA,NA,NA
2015-09-18,5.79,5.99,5.6,NA,8.49630193145905,NA,5.96006071803988,8.38383303523419
2015-09-19,5.96,5.95,5.6,NA,NA,NA,NA,NA
2015-09-20,5.79,6,5.79,NA,NA,NA,NA,NA
2015-09-21,2.92,3.28,2.5,NA,NA,NA,NA,NA
2015-09-22,4.54,4.97,3.96,NA,NA,NA,NA,NA
2015-09-23,5.18,5.85,4.88,NA,NA,NA,NA,NA
2015-09-24,5.64,5.53,5.43,NA,NA,NA,NA,NA
2015-09-25,5.99,6.05,5.81,NA,NA,NA,NA,NA
2015-09-26,5.98,5.95,5.61,NA,NA,NA,NA,NA
2015-09-27,6.19,6.88,5.94,NA,NA,NA,NA,NA
2015-09-28,5.96,5.73,5.1,NA,NA,NA,NA,NA
2015-09-29,6.18,5.61,5.16,NA,NA,NA,NA,NA
2015-09-30,6.38,6.16,5.28,NA,NA,NA,NA,NA
2015-10-01,8.21,7.97,6.17,NA,NA,NA,NA,NA
2015-10-02,6.41,6.5,5.56,NA,NA,NA,NA,NA
2015-10-03,5.75,5.32,4.94,NA,NA,NA,NA,NA
2015-10-04,6.54,6.11,4.54,NA,NA,NA,NA,NA
2015-10-05,4.92,5.05,4.79,NA,NA,NA,NA,NA
2015-10-06,5.25,4.59,4.3,NA,NA,NA,NA,NA
2015-10-07,5.02,4.78,4.26,NA,NA,NA,NA,NA
2015-10-08,5.47,4.91,4.41,NA,NA,NA,NA,NA
2015-10-09,5.68,6.63,5.23,NA,NA,NA,NA,NA
2015-10-10,4.96,4.97,4.24,NA,NA,NA,NA,NA
2015-10-11,4.64,4.7,4.42,NA,NA,NA,NA,NA
2015-10-12,3.23,3.28,2.83,NA,NA,NA,NA,NA
2015-10-13,4.43,4.61,4.33,NA,NA,NA,NA,NA
2015-10-14,4.68,4.62,4.34,NA,NA,NA,NA,NA
2015-10-15,4.52,4.37,3.75,NA,NA,NA,NA,NA
2015-10-16,4.1,4.17,3.99,NA,NA,NA,NA,NA
2015-10-17,4.37,4.4,4.14,NA,NA,NA,NA,NA
2015-10-18,5.82,4.81,3.72,NA,NA,NA,NA,NA
2015-10-19,5.49,4.81,3.94,NA,NA,NA,NA,NA
2015-10-20,4.97,4.8,3.93,NA,8.87203554024357,8.04486849106947,8.24120860397816,9.09320494809547
2015-10-21,4.49,4.04,3.5,NA,NA,NA,NA,NA
2015-10-22,4.4,3.99,3.65,NA,NA,NA,NA,NA
2015-10-23,4.37,4.09,3.78,NA,NA,NA,NA,NA
2015-10-24,4.64,4.32,4.26,NA,NA,NA,NA,NA
2015-10-25,3.06,2.8,2.42,NA,NA,NA,NA,NA
2015-10-26,4.25,4.23,3.77,NA,NA,NA,NA,NA
2015-10-27,4.09,3.51,3.59,NA,NA,NA,NA,NA
2015-10-28,4.77,4.81,3.25,NA,NA,NA,NA,NA
2015-10-29,6.22,5.66,4.81,NA,NA,NA,NA,NA
2015-10-30,6.99,6.55,6.43,NA,NA,NA,NA,NA
2015-10-31,4.44,4.42,3.84,NA,NA,NA,NA,NA
2015-11-01,4.32,4.27,3.96,NA,NA,NA,NA,NA
2015-11-02,5.2,4.7,4.55,NA,NA,NA,NA,NA
2015-11-03,5.18,5.33,4.38,NA,NA,NA,NA,NA
2015-11-04,4.78,4.27,2.6,NA,NA,NA,NA,NA
2015-11-05,3.52,2.9,3.19,NA,NA,NA,NA,NA
2015-11-06,4.38,3.72,3.68,NA,NA,NA,NA,NA
2015-11-07,4.31,3.92,3.78,NA,NA,NA,NA,NA
2015-11-08,3.7,3.31,3.13,NA,NA,NA,NA,NA
2015-11-09,5.12,4.15,3.61,NA,NA,NA,NA,NA
2015-11-10,5.12,4.77,3.94,NA,NA,NA,NA,NA
2015-11-11,3.88,3.31,3.36,NA,NA,NA,NA,NA
2015-11-12,4.01,3.54,3.35,NA,NA,NA,NA,NA
2015-11-13,3.86,3.54,3.37,NA,NA,NA,NA,NA
2015-11-14,3.51,2.71,3.17,NA,NA,NA,NA,NA
2015-11-15,3.7,3.19,2.66,NA,NA,NA,NA,NA
2015-11-16,5.41,4.68,4.18,NA,NA,NA,NA,NA
2015-11-17,3.73,3.23,3.55,NA,NA,NA,NA,NA
2015-11-18,3.29,2.53,2.85,NA,NA,NA,NA,NA
2015-11-19,3.34,2.82,2.84,NA,NA,NA,NA,NA
2015-11-20,3.35,2.88,2.97,NA,NA,NA,NA,NA
2015-11-21,3.82,3.28,3.74,NA,8.17327781751223,7.84468237485337,8.08043912689298,8.56145890041888
2015-11-22,3.46,3.27,3.06,NA,NA,NA,NA,NA
2015-11-23,3.36,2.69,2.81,NA,NA,NA,NA,NA
2015-11-24,3.35,2.73,2.85,NA,NA,NA,NA,NA
2015-11-25,4.49,4.64,3.48,NA,NA,NA,NA,NA
2015-11-26,3.6,2.89,2.67,NA,NA,NA,NA,NA
2015-11-27,2.15,1.95,1.31,NA,NA,NA,NA,NA
2015-11-28,3.13,2.26,2.25,NA,NA,NA,NA,NA
2015-11-29,3.09,2.36,2.38,NA,NA,NA,NA,NA
2015-11-30,3,2.17,2.28,NA,NA,NA,NA,NA
2015-12-01,3.04,2.53,2.52,NA,NA,NA,NA,NA
2015-12-02,3.09,2.39,2.52,NA,NA,NA,NA,NA
2015-12-03,3.09,2.4,2.4,NA,NA,NA,NA,NA
2015-12-04,2.48,1.91,1.86,NA,NA,NA,NA,NA
2015-12-05,3.13,2.73,2.57,NA,NA,NA,NA,NA
2015-12-06,3.01,2.27,2.29,NA,NA,NA,NA,NA
2015-12-07,2.83,2.39,2.5,NA,NA,NA,NA,NA
2015-12-08,3.03,2.4,2.47,NA,NA,NA,NA,NA
2015-12-09,2.69,2.06,2,NA,NA,NA,NA,NA
2015-12-10,3.2,2.52,2.2,NA,NA,NA,NA,NA
2015-12-11,3.89,3.36,2.74,NA,NA,NA,NA,NA
2015-12-12,3.89,3.19,2.95,NA,NA,NA,NA,NA
2015-12-13,3.81,2.66,2.77,NA,NA,NA,NA,NA
2015-12-14,5.07,3.82,3.5,NA,NA,NA,NA,NA
2015-12-15,3.26,2.4,2.35,NA,NA,NA,NA,NA
2015-12-16,3.14,2.18,2.1,NA,NA,NA,NA,NA
2015-12-17,2.71,1.87,2.02,NA,NA,NA,NA,NA
2015-12-18,2.79,2.04,2.23,NA,NA,NA,NA,NA
2015-12-19,2.85,2.14,2.15,NA,NA,NA,NA,NA
2015-12-20,3.27,2.38,2.33,NA,NA,NA,NA,NA
2015-12-21,2.22,1.8,1.89,NA,NA,NA,NA,NA
2015-12-22,2.96,2.79,1.69,NA,NA,NA,NA,NA
2015-12-23,4.24,3.77,2.78,NA,3.69656424715085,2.94557113763471,2.57184519444322,4.32393038120338
2015-12-24,3.07,2.9,2.17,NA,NA,NA,NA,NA
2015-12-25,3.59,3.25,3.12,NA,NA,NA,NA,NA
2015-12-26,3.69,4.1,4.21,NA,NA,NA,NA,NA
2015-12-27,2.51,2.33,2.22,NA,NA,NA,NA,NA
2015-12-28,2.31,1.93,1.86,NA,NA,NA,NA,NA
2015-12-29,2.2,2.04,2.16,NA,NA,NA,NA,NA
2015-12-30,2.45,1.88,1.93,NA,NA,NA,NA,NA
2015-12-31,1.93,2.11,2.26,NA,NA,NA,NA,NA
NA,NA,NA,NA,NA,NA,NA,NA,NA
